pan_id,phone,cibil_score,total_accounts,active_accounts,total_loan_repayments,timely_loan_repayments,active_credit_cards,total_credit_card_repayments,timely_credit_card_repayments
FDKXA6954C,6844846872,582,8,4,166,82,1,42,35
TJDVP1819Y,9529494486,459,11,7,226,111,5,24,8
LELMR2907S,7144388743,561,14,10,20,18,4,8,5
JFCAC3881J,9585334687,842,2,0,188,22,2,52,15
NBLND7962F,8774783218,635,14,10,200,113,4,45,36
VGLMK1577V,6673198164,494,6,2,110,53,3,19,11
ITYGE6079R,9693439452,603,2,0,118,44,1,36,13
ZXMCK8055A,9767427528,718,10,7,27,25,3,5,5
VJLEX3298Z,7433862561,737,3,0,80,65,5,30,25
EEGIU5933H,6184258829,578,3,0,134,27,5,24,20
RRCIR8350B,8224812854,817,2,0,19,18,3,28,23
TFETY9958P,9467262552,526,3,0,121,101,4,56,51
XZWVC9622P,9226334845,624,4,0,228,185,3,12,5
VJYTN3366G,9936836324,740,5,2,239,209,1,35,29
WLSXX5729F,6825713685,653,6,2,238,233,3,53,9
UEVSO1038N,6758987777,461,3,0,199,33,5,11,6
UGRWF4528N,6857933777,410,13,10,235,148,3,22,11
IYBGO2908P,6359528761,470,11,7,118,61,3,38,33
SHHKU5333K,8526675533,508,5,2,225,40,2,6,5
TEMUE3104W,9331734155,774,4,0,197,66,2,23,22
AXVYL9996H,9656649765,473,6,2,186,165,4,60,12
YNFVB3330B,9378545544,600,11,7,87,66,2,32,21
FFQHR4984X,9546676653,812,7,3,147,131,2,17,9
YEJNM0674V,9423589453,666,10,7,112,102,2,18,8
BOFYJ8096F,7738725231,822,8,4,23,22,5,57,42
ILICO7407Z,7934444847,502,8,4,64,37,3,57,55
WSTGH5792E,7619423852,475,13,10,104,62,4,38,6
WCSUE4551T,7325273457,828,4,0,205,154,2,58,27
HNOFA5006D,8395233471,519,10,6,204,43,5,9,5
IGGIM2354R,8364691636,769,11,8,222,91,1,5,5
ZVGRP6791Q,9455873878,510,9,5,83,21,2,41,35
LVYWF7883E,7167233555,790,13,10,200,115,4,25,16
ZNUUJ9962I,8642533716,526,7,4,182,76,3,14,5
PLTXA9729M,7231575623,744,4,1,133,110,5,52,4
EIMSB5808Z,9346687335,486,10,7,192,69,2,24,15
BKLLP7894C,9356758527,466,8,5,70,63,2,50,26
INXLJ9275Q,8942558632,439,6,2,215,156,3,34,32
PXZUT0428K,9742371979,824,3,0,68,30,1,49,4
PQVBJ8436V,6822437954,734,13,9,58,27,1,4,4
DIEFL6649X,8951533924,533,4,0,23,21,2,6,4
STGIB9418V,6799411752,626,14,10,114,29,2,28,24
FYWOY9124K,8573635985,722,2,0,94,86,2,57,14
EXQJP4096A,6997551575,609,10,6,212,37,1,10,8
CFPIE1540P,7538748825,619,11,7,238,215,1,8,6
MHFAK4278O,9977743279,735,9,5,209,43,1,23,23
CVUXL7917N,6441655453,711,12,8,146,139,5,5,4
YOEGC5079D,9342932848,726,14,11,173,31,1,53,14
HZEXK4600R,7735767125,457,2,0,169,81,1,9,8
EAQWF4617C,8338677636,597,13,9,152,148,5,10,7
AHTPT0856Z,9386897618,550,4,0,189,78,4,10,5
QFJKS4053U,6977771437,563,11,8,162,105,3,56,4
BFZQV8999R,9455365474,701,13,9,140,126,3,18,13
JJSKP4542P,6622823393,738,10,6,38,28,5,21,4
ODRPQ4008Q,6322738217,708,6,3,69,59,2,46,11
IEXBC8034P,6858143575,742,3,0,125,89,1,12,10
ENJUO6219J,6244271724,772,3,0,220,120,2,57,11
LQESP1798D,6436233785,611,2,0,46,19,2,13,4
HJVXQ2990P,8336552843,834,9,5,25,24,2,55,15
DFDGZ3435G,6737389623,435,5,1,44,35,5,17,9
UGBRC7097Z,8441545892,737,11,7,73,39,3,56,29
XEFHM9168Y,8346755468,803,8,5,71,32,5,44,38
RBJQW3399I,9749637851,761,11,8,159,33,3,15,5
JJULQ6408J,6755833455,611,13,10,62,53,2,18,15
KBADN9097B,9477227246,469,13,9,27,23,5,26,23
TXBWC3603Z,8872646873,484,2,0,240,109,2,31,27
CRSPQ9624B,7176722259,653,4,0,221,162,3,12,8
LEESJ3235N,8481854824,799,5,2,166,81,1,39,22
HNNUU9071O,9534613652,598,3,0,83,30,4,18,4
AFVVB4818X,7675644253,797,7,3,229,84,1,21,7
THBUV1531A,6958253675,718,10,7,160,87,4,26,7
KJMNQ3245A,8692549254,582,7,3,210,108,2,4,4
ZDCMG4540D,7796622884,585,9,6,198,45,4,53,46
XCHCD9333Q,9266656552,561,13,9,56,54,4,52,16
CCQKO1880D,8882495865,739,8,4,38,24,3,59,14
WTVSG1752O,6373229267,577,11,7,90,37,5,16,5
GRFBZ2787C,9948852834,828,12,9,114,83,5,27,19
VCUHK8383F,7391849333,643,2,0,166,103,2,10,5
HNGNZ6331A,6242686783,848,2,0,182,88,5,35,32
QLNQH3001A,6691868485,575,9,6,240,135,2,51,41
DJMBT1854H,8789383552,659,2,0,67,46,2,34,20
MCKPX8114R,6676599263,765,4,0,132,92,5,60,32
VHYPQ1880V,8615594558,654,4,0,209,57,1,47,5
OMWQF4926Q,6439965348,445,14,10,203,103,2,23,22
DSNQX1790S,6527962294,542,7,3,148,81,2,53,53
ZUYSY4195Z,7778694687,683,4,0,123,111,1,40,39
VUZZM3412D,6277344578,590,7,3,200,108,2,8,6
MGUEW9349S,7788785534,624,11,7,142,73,2,45,34
ZKCGZ8750L,9516326243,638,11,8,194,171,4,27,12
IYWZG1241X,7421969567,641,7,4,230,21,2,38,29
YCGES7771O,7758751254,576,5,1,178,88,3,28,18
WYNWG0109D,8495455347,845,2,0,202,196,1,40,18
DLVGA2129V,6866587554,502,5,1,198,181,3,54,41
HFBLJ6877K,8929162265,823,9,6,143,102,4,23,12
FGMMF6853S,8835833884,485,8,4,132,86,2,23,6
EXHEU6570R,8577782564,778,2,0,223,136,2,9,8
EUPVV7990X,8642498797,551,6,3,157,45,5,19,7
EZVMO2630V,6732525722,696,8,4,25,20,4,40,32
ZAORB6094O,6721312386,530,4,1,45,36,2,8,4
UUOHD6001Z,7943247757,656,8,4,131,106,5,5,5
VAXTC8994L,9632886191,755,6,3,125,50,5,44,32
WSPQD1579T,6679432621,840,6,2,194,136,4,38,6
ZFHXB3594W,8884214284,680,3,0,229,207,1,59,31
FRTKU4199L,8882899257,602,14,11,70,18,4,60,28
CRXQH8223Y,7577652262,708,9,5,127,21,2,46,7
ICISA3463U,6592398885,745,8,5,81,55,4,41,18
VQNVO4292H,8678555793,801,8,4,168,83,1,41,36
DLZBY1817E,6334644721,502,14,10,54,44,3,54,6
PQBOY5175F,7831822642,805,12,8,81,61,2,59,30
PEWJX6565H,9839333535,833,5,2,94,19,1,57,12
JSDWH9115T,8237824832,414,11,7,87,33,2,44,40
WJSUV2179K,8877951686,533,6,3,133,55,4,5,4
NXEQN3242H,9646862824,616,14,10,117,105,1,39,34
CUJLM4392Q,7634827965,489,9,5,222,68,1,38,6
UJHHJ6327A,7223645324,809,4,0,89,87,5,57,57
VJTPV6747H,6644521428,810,8,5,184,51,5,26,6
GIQJY9667D,7623438485,522,11,7,126,30,5,49,47
YYBYI9003P,6682534935,427,3,0,200,54,3,49,6
SCCOV6322H,8553813874,594,12,8,112,61,3,11,5
VTKXI5373P,7864515756,815,10,6,79,68,2,35,13
ZKHKK5444T,7142268888,850,13,10,57,43,4,20,9
VXXVL0968T,7277473668,478,9,5,39,20,4,43,9
OETOD4681G,7656871635,505,10,6,135,76,3,22,13
RCUTU9085U,8129276818,456,10,6,131,89,1,55,33
QWMBD6493G,8553347758,630,4,0,236,199,4,11,11
FSARN2511Y,8324836796,647,13,10,95,25,5,25,10
KSCRB7163X,8715743257,460,13,9,96,80,1,41,23
KEMHP8883F,8262365781,836,12,8,199,41,2,22,15
HZDLG9932L,8345696887,464,9,5,105,25,5,41,34
PNQAA6462J,8578458126,653,6,3,211,182,2,56,46
QRXDQ8265J,9238457955,513,2,0,58,34,3,43,11
BKTVI6159L,6422494569,695,5,1,146,144,5,23,19
OURVL0293L,9554549658,427,6,2,106,41,3,17,13
PNVER1642A,6436296977,685,14,10,55,55,5,8,8
WOPJI5233X,7553358587,673,13,10,91,86,4,49,45
IPNJF9444F,9616269844,710,5,1,92,72,4,9,7
HHYSK9244L,9368451142,654,2,0,215,23,5,50,28
CWJYJ0114P,8796527333,562,14,10,23,20,2,19,15
PECXR6608H,6341156756,487,14,10,112,100,3,34,32
NNCGP8148A,7448151386,720,9,5,31,31,3,53,48
ZMNXY5686Q,9488296778,671,10,7,139,71,5,23,16
SJGAG4197R,8884567456,703,5,2,153,109,3,5,5
BNRWK3001T,7729454772,781,3,0,84,71,2,40,16
AJZMG9781K,7123738882,810,4,1,181,123,1,33,29
ABQKM9861C,7735146142,487,3,0,151,29,4,11,5
DRTLQ8871X,7748828653,681,2,0,205,181,3,56,52
TTABW0363U,8445266588,407,4,1,124,65,3,41,30
IYAPC0729B,9693877851,627,11,7,212,209,3,39,14
XCXFV1439A,9366182614,717,14,10,154,112,4,60,44
AAKHL3642U,6275687735,674,14,10,225,60,4,47,22
AAXYE0673J,9324517669,560,3,0,93,61,2,20,18
MDVFA4772E,6673978649,639,14,11,190,78,1,33,4
MLFUY2689Z,6654735893,445,6,2,125,48,5,16,13
XQWOK6893A,6594662922,637,5,1,81,64,5,36,27
EWQMS6548C,8724923996,606,6,2,189,30,5,4,4
VBUUU8894R,6393425243,575,9,6,38,23,4,20,5
ULPSQ7832R,7956363235,844,2,0,113,22,4,50,6
XZSZC9830D,9572355835,819,10,7,60,41,4,55,20
USGGF0508W,6322329278,505,10,6,129,62,1,41,29
QNNOS6335A,8275411854,476,4,0,226,212,1,23,8
RYIIP2999F,9774342433,737,6,3,100,90,5,40,39
SBZVL2643N,6598723764,538,9,5,122,58,3,25,15
GYAIG3792R,7675956157,484,8,4,64,33,4,23,18
ZWHFA7154Z,9172285697,502,3,0,145,75,2,55,55
YLAQN0149V,8675335768,790,3,0,136,31,2,52,7
LEUEU8886M,7178284372,754,9,6,134,122,5,53,43
NPKOO8257E,9382255795,487,8,4,103,38,4,18,14
TKRIO9328R,9889283627,705,14,10,63,43,4,23,8
TBFFT0206Z,8654553845,633,8,4,217,188,4,44,19
IABDE1859N,6888133444,672,2,0,67,52,5,35,7
YLDNI8729Q,7866638911,707,8,5,187,124,1,32,8
EOZRD9945B,6235292222,662,8,4,149,98,3,22,22
SNOJG3080Y,9453887554,426,4,0,125,73,2,14,8
ZOEQQ5421P,7458714439,621,8,5,60,34,4,12,8
ZLRCS5984G,8522354324,805,13,10,166,164,1,35,5
ORCXR1252Z,6836479872,441,14,10,74,54,1,59,26
BALNB1597J,8146834782,750,13,9,137,106,1,16,11
RQHQH2657E,8265334544,707,11,7,173,115,5,46,45
BOMKK6650C,6415338768,777,4,1,227,189,2,30,7
YCAYB7326X,6445734655,435,3,0,102,66,3,11,10
IFGGE2694R,8426866812,668,13,9,184,157,3,56,43
ZKONS9599I,6725474984,792,14,10,31,26,4,8,6
YJRKT3431D,7748793588,633,9,6,207,106,4,12,11
VYVQW9978J,9566482896,807,9,5,225,209,4,5,5
QHIBU4455A,9436845549,508,12,8,134,92,3,50,28
DSNCJ0778O,8717155427,537,13,9,228,203,3,4,4
LBLDQ6876N,9196453921,548,2,0,50,38,2,34,29
PJZZG8635O,9339682962,414,7,3,46,40,3,35,20
FMOYL2434P,6727659622,417,14,11,139,60,3,17,12
QZYXS9924C,9454282878,567,2,0,60,27,2,10,10
REFPE0840Q,9712947279,792,3,0,112,23,4,51,20
KROXA6533W,6452261245,849,3,0,20,19,2,31,18
FBQLG2068Z,7767575747,839,5,1,167,97,2,45,39
LYAUH8557U,8811754488,771,6,2,158,121,1,19,10
BQMPY5643B,6779744863,491,13,10,171,166,3,35,6
INLOO6829Y,8671174252,808,3,0,205,142,1,18,17
DSLPK5845U,7655585315,585,8,5,232,178,5,19,10
JRUJB5563X,6331837737,512,5,1,199,182,1,40,31
KLLSO2283S,7774475376,718,2,0,234,123,4,59,57
AFCCI4032O,9288747418,845,6,2,122,45,1,15,6
JBQDI1304A,8266337216,795,3,0,139,37,5,29,25
YODLO0842V,9774333477,733,5,1,159,25,3,12,11
CHAHR0994V,6968562311,413,8,5,164,120,2,43,14
MWHUF5436I,8812872727,580,5,2,72,48,3,42,29
REZFT2621M,7833225668,686,13,9,74,59,5,60,15
MSLHK3140W,7492456464,531,10,7,140,84,3,23,10
AVZCO9409I,6572753247,524,13,9,197,50,1,10,4
NPMPO4920Q,6646419522,432,2,0,51,25,4,49,10
VAJLV6311H,6368558463,415,12,9,110,25,3,36,26
KVFFV4437S,8224542911,512,12,8,23,22,4,59,35
VNBLL0622K,9747832165,417,13,9,98,43,3,53,15
YLPUU8777E,7544642415,461,3,0,88,26,1,34,20
XUYSF5596S,6478434173,819,9,5,226,198,5,56,13
AJQVK3221S,9644922723,560,12,8,106,68,2,55,20
VNVHQ7994G,9687645879,577,10,7,93,41,1,45,32
EUDVR8094C,6378481244,469,6,3,125,53,4,22,5
GRZSM1521O,9152187972,781,10,6,30,24,1,41,12
TXCAG9194L,9477896158,679,6,2,85,79,1,31,10
XBXBZ9608K,7724271877,523,5,2,115,54,2,30,17
ETEZT2865D,6323418755,760,10,6,72,36,3,4,4
PWTEI9897Z,7545836284,663,12,8,171,171,3,40,23
KTFUJ2252J,7884722846,595,8,4,96,49,1,26,24
NKBTX3415Z,7728663124,579,3,0,188,130,3,39,35
STGRI9546F,9731614874,672,9,5,239,209,5,29,29
SKHQL1686K,7782937623,595,8,4,164,21,1,45,36
BPDXG3474Z,6666113277,733,7,4,149,116,4,32,9
ACTXP7326M,7524288482,743,7,3,94,39,3,17,13
MAPQQ9002B,6923929236,403,11,8,42,30,1,47,33
EMQFP0609Y,9386237283,649,8,4,54,23,2,35,29
RBGQY0396H,7863336258,526,13,9,26,20,4,6,6
YUDAB0606S,6357778767,644,7,3,162,100,2,29,22
UWRYE8838W,9971162867,481,13,9,20,19,4,5,4
DRPTK0251C,6661387734,536,11,8,236,231,3,24,15
QLGCE2082D,9535648226,513,5,2,169,41,2,15,9
MQKAR1518T,8686585434,455,8,4,84,58,3,59,57
VETWX5585Z,6572786269,648,14,11,229,154,2,45,30
TSATU8175C,9775296171,703,6,2,220,181,1,18,13
UYBKJ8693H,9814333234,601,14,11,234,193,4,28,7
GYPTK7029Q,9722442434,502,10,6,132,121,4,22,4
MJBDB3279M,9877643339,421,5,2,87,73,5,26,9
ZNBVI9908C,6378264288,442,5,1,239,195,3,44,23
MSIYJ9309S,7766333252,539,2,0,187,93,5,6,6
BZDOK8823T,8772322426,680,2,0,114,43,5,27,8
XJFBN5306P,7539851237,640,5,1,210,170,2,45,19
QDPEV9756S,8166686144,781,13,9,146,99,3,23,5
ICZZT3276F,7725623868,414,9,5,116,87,1,58,36
YCPTK8724B,8637857217,817,8,4,118,56,5,23,15
ZNCJC7742T,9328692144,498,8,4,53,33,2,25,17
YBOTE6580F,9456359883,802,9,5,39,36,5,15,11
JJGKY7551Q,6751584159,643,6,2,89,65,5,8,5
BLCAQ7051E,9825558892,624,14,10,132,94,1,17,10
RRJQF9696V,9588488335,527,13,10,83,52,1,43,15
NEYPY1767K,6414268284,845,8,5,240,128,4,17,5
KIJIP3853F,9348225636,635,5,2,64,28,4,14,9
IUJOL8291H,6717812382,771,12,8,98,85,5,16,4
KXUJF8848O,9434856963,692,14,10,161,98,3,54,16
FEHKP8991S,9925769277,644,8,4,126,50,1,20,10
AWVNL1011W,9362554364,661,9,6,119,112,4,33,19
MVTBD6699H,7855632466,826,6,3,170,42,4,9,4
RKLXU5812K,8672986345,432,11,7,48,28,5,31,23
IHPBS5674D,6447779873,811,12,9,213,57,2,7,5
MIUJU5922E,9528548345,463,5,1,117,53,5,40,23
VNUFU3410S,6891865127,443,10,7,229,50,4,47,19
NYLZJ4143I,6144387422,427,11,8,203,202,2,43,30
EPQQY7714F,9712255846,708,12,8,116,115,4,15,4
YAKNZ7597W,8297815215,609,12,8,98,76,3,26,5
NWTZM8930G,9454148947,480,4,0,212,82,3,29,17
SSVIH4488A,7634634992,742,5,1,22,22,4,59,56
REEUZ8091A,7254877948,649,11,7,119,103,4,19,4
OGRPK5672U,7427693544,536,2,0,29,20,2,49,32
IZFJO6368M,6865177224,472,12,8,147,128,5,52,17
CVPQZ9828Y,7487929636,791,10,6,59,24,5,38,10
VWWKF1059K,9512794382,685,4,1,90,53,3,46,30
PWPUX1661I,6573666526,727,14,10,43,32,1,41,27
IOIFU7435T,6323734643,718,3,0,105,45,2,34,27
TMWJT7452H,6251233497,767,10,6,61,47,1,57,33
IVXAS3747M,8587426747,427,14,11,69,36,4,34,11
BTIUF1599W,8169515383,579,6,2,162,139,1,13,13
MUWZD9053V,9753888687,685,11,7,103,42,2,56,36
VWDZX8724R,7748732697,541,4,0,151,47,3,32,6
ORKHL3975E,9342714274,825,6,2,173,55,3,30,23
PLPEO7854I,8777952242,466,14,10,145,124,3,4,4
ZKYJE2616F,9376167574,737,9,5,217,87,2,43,35
XEFAD5926U,9264385626,636,13,9,124,35,3,24,24
HXSWR0179M,8348544788,831,4,0,37,34,1,48,41
KSUEY5179F,8473785334,686,12,9,155,44,2,25,6
MLISS7670V,6392721712,694,5,1,82,30,2,50,45
CWCYB5386U,9135832656,412,11,7,99,52,4,48,46
EBSMW1152J,8423931843,593,3,0,190,133,2,4,4
VLXYS6968T,9244964426,799,13,9,28,28,4,27,4
RTHNR5647A,9883831183,589,4,1,195,174,5,11,9
NJSEN0727S,8276263882,663,10,6,63,21,5,22,11
OGXQQ2476H,9746537737,850,2,0,99,76,3,53,16
FXJGM3443H,9846888255,621,6,2,35,20,3,7,4
TZBVT4879L,7447134774,784,2,0,219,196,3,50,31
TZWFY3469N,8317488236,575,11,8,131,24,2,11,10
IRRTN7641B,6466383583,674,10,6,235,185,5,13,13
JDWZB7100V,9728456455,822,6,2,55,26,3,11,9
QUVXF5373L,9655855794,593,12,9,77,34,1,27,25
LNVIZ2737Q,8439227675,603,13,9,84,71,5,20,18
BKZFI3184D,6655834786,813,3,0,167,37,3,34,6
WNWWP7212W,8656415518,543,11,7,18,18,1,30,11
JTEOL4064I,8655688363,617,6,2,127,35,5,41,8
GEART8461B,6733641374,473,6,2,28,22,5,56,26
GRNPM3063L,6572652186,422,7,3,97,31,4,17,17
KUUPQ7629F,9687123397,618,12,8,41,40,3,40,25
BHTEB0425P,9762885467,471,11,7,218,150,5,55,7
KIVYG7423Q,8424221286,795,14,11,57,56,5,59,23
UMGNY3747H,7542782739,756,8,4,179,25,3,34,20
AXBDE6980V,7862229828,839,6,3,167,102,2,18,6
ZWFPJ5021G,9395174518,690,7,3,18,18,1,56,30
TXJSS4891Q,7258353568,844,4,0,190,107,4,28,24
OCOBY5074S,7376483552,409,9,6,96,35,1,30,22
TLGYI7176M,6684258575,460,3,0,80,57,4,35,21
IZYOJ8040L,8152554882,507,5,2,176,81,5,24,17
DOBJR7108U,9497733242,425,14,10,27,21,3,28,21
UJQNY4478W,8222576278,782,14,11,188,162,2,46,36
DJBCB4991O,6626234859,730,11,7,121,59,4,20,4
DOSVB8696D,7399977138,768,3,0,58,56,4,40,18
CXJEP3397H,7929735759,803,3,0,174,58,3,5,5
BDMJU0581A,8536285135,548,12,9,146,27,4,53,51
IAMUI6917B,6113512363,840,13,10,180,83,1,28,4
TBCRD2788S,6688424652,703,13,9,42,42,4,27,24
IBPUU2914K,9728875844,479,12,9,194,177,4,28,24
DVBAA7877S,7728544387,839,9,5,48,25,1,7,7
JCUCT6007I,6469152785,682,3,0,113,41,4,5,4
NVJQC4079I,9546916382,770,2,0,113,37,1,24,24
MCWBJ4938W,7814356577,560,6,3,178,75,2,60,55
DKFZJ7008S,8897638971,602,14,10,216,199,2,42,21
YQNKA7880O,9962664174,613,6,2,162,110,2,40,24
LXMMH6331M,9584572342,700,6,2,117,77,2,30,6
KZEIK5462L,6529967882,582,11,8,146,36,5,37,7
YQBUR1532Q,7974781428,631,6,3,116,28,3,28,8
EMFZO9711N,7665636369,595,6,3,102,82,5,35,30
DDJFE6089Z,7392636766,713,3,0,65,44,5,9,6
ROQON9642Z,7825147778,458,12,8,224,77,5,18,5
HDUJJ7593X,6732129529,559,10,6,72,50,5,21,13
HPQOK5002W,9325235918,515,3,0,199,103,3,42,13
ENFGD1871Z,9289228369,552,10,6,217,178,1,9,6
RARNE5040U,9362453769,686,2,0,41,31,5,54,54
CYVMH3679H,9665574368,429,5,2,26,23,1,45,40
PLXXB9796S,9673247824,664,8,4,61,23,2,50,16
XTPEF4093P,7594686387,496,4,0,218,79,2,39,5
CTXRY2808M,6687787136,616,3,0,23,18,5,32,8
XMWFL6593M,6474266886,414,3,0,36,31,5,6,6
IKEMK0912H,8438681658,406,12,8,186,42,4,41,13
CWDBI2973I,7676387485,839,3,0,170,47,5,37,36
MBMWJ0807P,7574698329,632,4,0,38,33,2,41,26
SZORD4890L,6247214511,823,11,7,161,24,2,7,7
XJUXE5089V,7618771647,559,4,1,154,30,2,37,31
CTTRR4544S,8871369343,706,12,9,25,21,4,16,16
NUWEC2860X,9238661917,465,13,9,208,46,1,48,43
XNMUO5203W,6338582823,701,4,0,99,88,3,35,17
YBVTQ3066R,6739728585,679,14,10,23,22,1,13,9
DEPQH9002Z,9388456139,509,10,6,103,91,5,27,7
FUTFG5671D,9746617436,841,3,0,226,132,4,7,6
KUFKE5549G,8424688957,523,5,1,131,103,1,43,36
AVHSS7048Z,9484321173,730,9,5,148,24,1,43,43
DYZSU3739B,6854992696,662,3,0,169,77,4,33,8
USJKZ4894U,7324879272,823,13,9,224,21,2,47,25
XKOTS9428M,7456783285,694,5,1,82,27,2,10,7
WHSMD9174D,9188294162,781,3,0,145,37,5,40,11
IPPVO5501V,6238675723,414,13,10,195,78,5,27,25
VJFGK2643C,9283382357,786,11,8,165,87,2,5,5
PCTLF9805O,6584495488,586,14,10,92,18,2,18,5
JSRGQ7577G,9187155358,432,12,8,208,132,3,36,20
NENKH7038A,6654757866,688,13,10,147,33,2,55,42
AUUJB2097E,7466695159,473,13,9,101,62,3,55,30
KJLJX4440V,6158382764,647,4,1,106,63,5,24,11
YTGNQ1142Y,9329588616,495,10,6,106,64,2,36,12
DHOME9276X,6238261555,742,10,7,71,48,5,17,5
EBBEC1255A,7688347761,468,4,1,219,144,2,15,6
SSTDJ4134L,6846442877,604,7,3,75,49,2,29,23
GZLLG5195H,9736386248,598,11,7,144,30,3,40,37
XLJXK4337G,8461541446,538,3,0,234,46,5,56,4
CICDO7866V,6448235454,436,2,0,28,27,4,6,4
CECVF9630J,6548247449,680,10,7,68,61,1,4,4
JTYUA1380O,9755886687,732,4,0,107,95,4,55,29
NWBMS2497M,8248674185,808,12,9,137,33,2,58,7
CDZFK5705A,7254553288,595,5,2,159,108,5,41,31
WZQBS8155L,8658274177,400,6,2,123,68,3,7,6
WYBMP8560L,9427778938,729,8,4,111,108,4,16,8
JNXLM5933V,7542366954,550,3,0,202,80,2,6,6
NJMGZ7276Y,7628284783,560,7,3,70,61,2,28,21
NJCAE6824M,8978753648,847,14,10,61,36,2,21,4
QLZOC8270C,7378142212,754,10,6,194,19,5,13,7
GEOAX7235E,7722335674,623,9,5,44,21,4,28,23
GTLGH8699I,7477966636,820,8,4,26,21,2,5,4
CJETX7837C,9875268989,617,14,10,100,74,5,38,15
ANLXC9737S,7464455244,602,5,1,25,20,1,55,24
FSEXL6843C,8716189535,418,7,3,68,29,1,47,37
ZNLDA4450U,9692263237,544,2,0,42,37,3,52,7
OOIQC7863S,9757632466,468,14,10,193,77,5,46,34
WLATZ5641B,8856552216,614,9,5,21,18,1,35,12
CUPWZ9912P,8128767255,706,9,6,77,32,2,29,29
PBZHU8036A,8134926679,468,9,5,190,26,2,12,4
ZULJO2695B,7179721253,585,3,0,240,133,1,10,4
RSTCX2166A,8421347592,706,3,0,207,204,3,24,12
BROWK0157J,9565185822,461,7,4,237,78,4,28,4
RYPXN4220F,6613878393,812,2,0,233,85,5,45,28
JUODE3536I,7665192927,708,3,0,118,103,5,58,11
DFIOB2090U,8659776485,494,8,4,215,127,1,45,33
XADZZ2717G,8741867548,786,10,6,167,118,2,47,10
LTYXT7387Q,7244856338,465,8,4,143,126,4,38,30
ZENMG9298U,8566535342,680,7,3,139,26,2,59,30
IDGBT0907W,9558447387,707,11,7,218,26,3,8,7
MTIJE0358H,7872338594,454,9,5,211,103,3,36,10
YDOUQ4456K,8825836294,454,12,9,29,19,3,15,13
JNRPI5801W,8577487553,408,4,1,166,85,5,54,32
NOPAW1700C,8461625558,693,6,2,204,200,3,36,9
UGSVG7309S,8685737462,603,5,2,220,187,2,8,6
XYVFO6767M,6368346867,849,11,7,232,179,1,8,8
JWESQ8054R,8558865399,480,6,3,43,26,2,25,4
LFVAW8101S,8258996362,649,8,4,110,21,4,42,30
CLGDT2558Q,6238496852,598,4,0,149,29,4,25,25
DGZVL1850V,7396586927,534,13,9,130,103,2,56,34
RJZHY2718Z,7771341115,730,11,7,104,99,1,41,37
NMGXQ8112N,8574359197,668,9,6,40,38,3,18,10
BLLAT3298O,7238252463,403,4,1,59,19,1,34,13
QAEGP3775D,9914811731,485,10,6,203,82,5,38,35
VVUZO7933A,9782631584,833,5,1,107,63,1,27,16
NYGSY9991D,7444635668,580,8,5,22,18,5,25,10
WKHFW0305F,9721444973,763,13,10,77,18,2,7,5
WNZNR3673B,9397573316,537,5,1,21,19,4,8,4
WFNZH3908B,6236298213,841,3,0,118,111,5,19,19
YYNTF4889W,6857563226,797,4,0,71,40,4,46,42
HNALC3621J,6348464358,516,6,2,91,29,4,18,5
FHONO2546N,6127249999,610,9,5,143,74,3,16,5
FCCHJ9621E,7597547642,830,14,10,37,37,5,9,7
AETVY5501K,7218983741,839,7,3,223,101,5,24,19
JXVKA6714D,8738778585,472,6,2,160,51,1,43,20
JMGML3826Z,9494683285,418,9,5,31,27,1,23,9
YVGMS0754I,8539893412,510,8,4,177,92,2,9,7
HVNAR2443S,6575512347,850,12,8,90,73,3,52,43
CGIZZ0889Q,6748443389,834,6,2,78,27,5,28,27
CYMTT8576M,6677214862,691,4,0,32,18,3,50,31
NXYFG2930L,8514225375,834,3,0,235,50,5,25,19
CWLNB4372L,8775446176,743,13,10,172,164,4,49,21
HAGQO5229I,6414657318,590,3,0,44,21,1,14,8
IGAOG5698A,8536384859,813,2,0,99,43,2,45,27
ZTESL4124N,8253233823,469,4,1,183,62,5,53,49
DUJPF5555B,6643144247,461,2,0,127,56,3,54,42
NBSTI3077N,7379367322,774,7,4,147,46,5,30,5
UTRPK8479Q,7813686356,660,10,6,159,106,5,44,23
EHTHE7966Y,8523368248,589,12,8,28,20,1,9,6
YNZRN5508V,8231565352,617,12,8,198,112,2,37,32
TDHWR7449A,7474536652,704,4,1,225,167,1,40,28
MWDBF4297R,7422362555,480,9,5,70,61,4,11,10
IHWHR6417E,9295682526,543,5,1,82,27,4,48,31
PMOHJ4842C,6251358358,532,5,1,90,41,3,47,42
FOEVP4280K,9879146551,685,11,7,220,189,5,28,15
JYXMN2668E,8687242344,646,4,0,117,22,2,45,29
UVYAW2034M,6388433324,809,4,0,237,208,5,28,9
ZERQB0438A,9619621897,523,13,9,155,88,1,29,25
KWWIB0032V,7925348722,755,12,8,177,78,5,5,4
KEICM2034U,7862142347,471,14,11,225,80,4,37,28
RKOOG4287S,7581689255,599,12,9,218,136,5,43,11
FZISM5270W,6376442825,783,3,0,180,115,1,56,55
ICBEP6415E,6648782973,400,6,3,178,160,5,47,37
EOXFV8955C,6283348628,612,10,6,92,76,4,18,16
MBMBB0901H,8275622882,470,3,0,172,70,5,15,6
TIIMA0895H,9437768489,449,3,0,37,32,5,29,28
BIRXZ3997Y,7795671583,582,10,6,220,85,3,26,17
PWEDC0928P,8577729345,630,11,8,66,58,1,49,5
CJAHP7829V,9631869322,540,12,8,24,24,3,4,4
FTTIM6331U,7419482288,755,14,10,52,18,1,12,9
QKSUC8281H,9941943846,590,2,0,129,116,4,33,8
UJSCT7504A,7623838861,510,3,0,203,133,4,59,9
SCNWJ9491Q,7944238643,602,7,4,178,114,1,53,32
QDJEN5490V,9835717283,575,7,3,105,61,4,51,20
XUQIG5631R,7232241777,801,3,0,50,30,4,7,5
CKVPJ1134L,7864224627,609,11,8,195,152,1,29,5
REQQF4574E,7482597723,819,12,9,69,28,1,49,34
IYBYX9786F,7224532973,653,12,8,97,40,4,56,52
HDPSP2580J,9631538526,599,7,3,42,18,2,42,15
MNNWN1349O,9585675782,612,13,9,49,46,3,39,16
LGWPV8323D,6617525578,839,9,5,171,159,4,44,36
GQNJI5292A,7394397276,513,6,2,215,89,2,8,4
DCFME1873G,6427535744,734,12,9,52,36,3,17,13
JFOMT2209A,9226237297,561,5,1,136,53,3,56,19
TLWDE7630W,8878546887,406,7,4,210,195,4,35,24
SGLXD9027C,6544685188,775,12,8,37,24,5,51,16
DRGXU6949V,7255341863,556,7,3,45,30,1,50,38
SIVLE0657Z,8717123222,597,14,11,104,63,1,58,33
ETVHR9955F,8175941338,829,5,1,170,64,1,56,56
FHANI1787I,8714479677,588,11,7,128,31,5,38,30
XITJK4608Z,9789767246,611,10,6,230,101,2,18,5
LVRMN5961K,8865116429,449,2,0,231,149,5,58,34
LRAVL4387O,8159822136,506,10,6,207,130,5,58,19
GKYSU3157P,8913696327,468,10,6,67,54,5,58,35
LRUJE3277K,9743557623,764,9,5,40,37,2,50,32
DPDZH8788B,9486835443,417,2,0,168,35,5,49,23
JGYTU2410T,8745753963,444,8,4,114,44,1,11,10
OCIOK0470F,6546823766,805,4,1,171,28,3,38,24
PJGLL3109M,8884516383,703,2,0,214,189,3,8,5
HPNCB8010R,9666573873,573,2,0,240,219,4,30,25
FVATT4912A,8452277267,667,10,6,64,41,5,21,9
MPPTB4456S,7855869842,479,9,6,124,48,4,51,31
JYSHP5111P,7954732678,681,2,0,204,184,1,60,36
YRVVI8108H,8277445554,538,10,7,189,131,2,53,9
BPMNV7638N,6233126769,742,2,0,200,147,2,50,20
DEHEE8538M,6533773672,444,9,5,139,66,2,39,32
MSJXU9336F,8227313263,509,12,9,74,64,1,23,20
WGYOR4245Z,7946676988,727,10,6,26,24,4,22,6
XMAAZ0667D,7526851616,709,8,4,215,146,1,23,6
VPDXG7620Z,7661545554,767,11,7,101,87,5,51,6
EKRHB6928P,6492889555,407,11,7,187,146,5,17,7
ERULB2893U,8714319526,632,9,5,214,51,2,43,12
ZQADG3041X,9877424535,688,6,2,147,123,3,43,22
ELNSD3530L,7832483615,796,2,0,229,102,5,38,37
SMKOY4937F,6366188248,659,4,1,24,19,5,22,15
XZPRS9030Y,9648929625,806,6,3,118,77,5,40,17
CBWGD1952V,6467154268,708,4,0,54,29,2,55,25
XAQJH4303D,7778665377,546,8,4,49,40,2,60,13
HBPNP5795Z,7365436479,683,3,0,29,25,2,41,10
PYOSQ9734D,6967335152,844,4,1,160,61,3,5,5
BJIQF0174N,9242713657,850,7,4,18,18,5,9,9
KPCJW8164Q,7294672338,524,10,7,43,27,5,32,25
BNFEZ9368Z,9886655448,444,13,10,158,31,4,39,38
OYDZA4933R,6483545862,504,3,0,108,34,2,58,13
APANG1933R,9856558335,416,9,5,234,191,2,28,16
PLLGZ6240H,7857782741,820,12,8,156,87,4,25,21
MBREC6790M,8415281667,439,13,10,209,21,2,4,4
WLBKQ6339I,8572885466,440,3,0,104,36,2,12,4
SEAEJ7222Q,7237545256,446,3,0,215,180,2,16,14
KPVAS0784T,6626326356,555,3,0,180,174,2,16,16
ROTHH6496U,7913474375,819,9,5,132,37,3,57,48
KFQUQ7544C,9132478151,686,14,10,199,123,5,18,18
NCFRQ9398E,7248846172,618,2,0,189,19,2,31,11
CPLQD7532J,7932482635,727,8,5,197,99,5,29,14
VAMTT1613Z,6797287748,703,11,7,144,78,3,57,22
NCKHR6144Z,8186645764,405,8,5,173,67,2,55,40
BVSGC1395M,8766345684,471,14,10,202,114,1,34,23
QDQJQ4139I,8326843668,442,4,0,42,22,5,39,16
SIWVH1553O,6399742856,753,9,6,20,19,4,29,23
TCGZX6969H,9143948232,410,6,3,85,46,1,37,18
PMKON9927Z,9983936614,847,8,4,206,140,5,24,21
KTSVE7289G,8454477494,622,5,1,47,39,4,47,8
NFWVE5672W,9432357384,617,14,10,222,167,2,27,24
TNQWK0287D,9655225562,750,8,4,125,76,1,40,36
DEMPB0405K,6878775251,758,13,9,20,19,4,47,39
AKEEQ1484E,7175842368,538,5,1,214,132,4,40,13
NFGGM1272V,7246139628,755,4,1,105,36,5,23,19
TNFQR9722A,9552435625,632,6,2,67,33,2,21,7
ZSFNF1371U,8173535776,464,7,3,37,19,3,24,19
BXMEV9502F,7646627757,801,14,10,143,93,4,49,20
APJAH4903B,6244462538,404,2,0,76,75,2,22,21
IKHLD3005B,6244354584,610,4,1,94,31,3,14,7
KCBGX5025Y,9746523233,849,2,0,172,139,4,24,6
DFBOI9980F,8561337175,420,10,6,118,67,3,27,5
MXZMY9324R,9817336425,540,13,10,102,93,1,52,50
EGQPQ6067U,6399641664,418,3,0,201,175,2,4,4
PFCCF4963F,8772583282,850,10,6,204,103,2,10,6
JWAVU1519C,6269727642,512,8,4,35,19,3,57,6
CTSGM8229P,8882948664,490,8,4,215,91,5,16,6
IJTNV1498E,6383928238,470,11,7,27,18,5,50,15
AOROS8131O,9476751655,514,8,5,91,19,3,37,14
AQYWU7912M,7836114753,433,7,4,177,161,4,49,13
ABZAC5960S,8888554124,445,7,4,49,42,4,5,5
XFFFY3823W,9274865242,509,10,6,68,52,1,12,7
QSOOI7357I,6287392657,688,14,11,148,73,3,44,32
UNFOK4853G,6584274688,605,11,7,147,50,3,25,4
DHCNJ1483T,7331256763,708,5,1,19,19,1,53,44
SVAKA0861H,6127633163,782,4,0,207,176,2,40,20
OZWDF3953F,7481273385,808,14,11,178,60,3,8,5
DNHTB3663J,9536588277,458,5,1,230,99,4,46,5
DDABP9177Q,8732292364,447,11,8,217,81,3,25,19
YNGJW2563C,8153739154,594,10,7,72,36,3,32,31
DNWXR2164K,6856817653,760,11,7,132,86,3,44,30
HEMGA9924S,8433847846,400,6,2,222,103,3,8,8
WMDKL9520T,8214373384,824,8,4,232,30,3,18,14
UNYLI9914H,6636526823,676,8,4,175,143,1,31,18
EUEGD8580V,9398159475,757,3,0,136,104,5,24,11
HLCXM8079V,6335539475,658,2,0,38,26,1,22,13
HLAFT6776L,8183228713,587,5,2,160,108,4,52,30
UVJUN6142E,7422764233,785,8,5,35,18,1,42,33
LIROD7629S,8445863334,540,14,10,103,30,4,47,36
AESJF9747F,8673482258,467,3,0,140,62,3,50,22
NBCEK7088T,7381187586,503,8,4,221,220,1,18,5
YGMNH7090L,7573482577,700,8,5,215,206,3,58,21
BHCXM5552A,8855772497,662,6,2,83,51,5,44,23
BTNAB7665M,8563598744,734,6,2,40,24,4,30,10
JLWPX8244N,8797723471,484,9,6,82,42,2,21,19
NVEDB8571R,7266363846,597,14,10,69,29,2,20,8
WDLAT2572U,9661319433,562,6,2,136,40,3,23,17
RKWVM3208J,8444653629,591,3,0,235,111,4,23,4
JNQUE8688S,9711629339,606,10,7,93,47,5,20,12
YVYKT6518H,6768468295,787,2,0,156,100,4,40,30
LNFAW1951V,8887864934,690,7,3,55,32,3,51,11
TTCDC6579H,8737429466,477,10,6,110,78,2,11,4
SQREA8835E,6541384438,718,14,10,37,36,3,46,40
CSVDK9975O,7587237142,579,8,4,136,114,4,54,31
HBZEG4342X,6115622462,769,5,2,136,74,1,26,4
PPMLL0295U,9476456857,514,3,0,231,230,5,9,5
BBGFF9786D,8814527358,573,10,7,80,50,2,19,4
KWJTH0639T,7234335453,712,14,10,209,161,4,54,42
JTGUA6662B,7635746615,756,5,1,174,38,1,52,26
MGQYG0278P,9657818372,672,4,0,86,79,3,41,27
PIJQH4821L,9665875734,736,3,0,172,83,2,10,6
YSXKT5311U,9157187827,685,10,7,89,22,3,52,40
ODWQX0322H,9231693948,798,9,6,171,129,2,46,23
WMUEW7484S,6725297365,565,3,0,105,24,2,43,18
TNPHR9390W,9662328223,423,13,9,220,193,5,43,38
CUHRS9680P,9383995551,616,2,0,68,24,1,38,23
GQOHM0941E,8575632864,447,13,9,27,25,1,28,18
JMBWZ7756K,9512952488,436,8,4,69,27,2,43,26
CAVVS8447E,9543355817,574,7,4,135,20,4,44,11
EDBPZ8677E,6423377777,461,14,10,63,35,5,36,25
ZAWRV7142M,7354629772,559,11,8,81,73,4,46,43
EPTYA6660U,9836324544,475,14,11,189,173,1,12,5
XBHAK2067B,6564435626,601,6,3,26,21,5,6,4
OHUTX3150D,8448385692,666,8,4,212,189,2,16,6
EFEIE7346P,7157866437,432,6,3,73,25,5,20,17
INMFX5756E,9456298254,766,4,1,69,51,4,11,7
EFIUM9577X,8727942254,743,8,4,164,156,4,22,13
DXDRE3149Y,6578484278,576,8,4,114,42,4,60,45
PTMAU8227W,8956637722,671,3,0,21,18,5,27,22
JPBYE6147P,9666473772,449,14,10,238,149,4,35,28
XRDPN0538H,7534547563,716,7,3,132,97,2,4,4
OOESC0300U,8976672149,728,7,3,215,37,3,45,23
ESYVJ3538Z,6283623224,829,2,0,226,182,4,8,5
LOFKU3368J,9553474992,536,14,10,49,33,3,13,11
YFEZY3759U,9785251344,474,12,8,103,56,5,58,20
FZUVI5111Z,6182376444,503,12,8,203,57,4,34,15
UHRSY9136K,7261356672,834,13,9,187,154,5,32,29
GLSIO1832O,9894222633,648,11,8,143,39,3,51,44
MEQLP3061C,9777794364,565,10,7,43,34,1,8,6
GTDKK1662I,9686248643,480,8,4,162,37,3,27,27
FIYGT5961F,7258621657,525,8,5,157,101,5,46,17
NZRTS0623V,8446218736,427,14,10,94,39,4,18,9
DAMMC9567Y,9723761962,602,6,2,45,32,2,21,8
OLEHY8738C,8377884864,684,10,6,19,18,4,47,40
ISYNX1653M,7146497377,732,8,4,236,109,4,50,10
EQSQB3105E,6594226536,784,7,4,185,140,1,22,11
USYUP2595N,6451637684,550,11,7,206,148,3,59,28
WRPHS2229A,6542352752,777,6,2,69,67,3,42,28
AQREL0598L,8843541694,575,2,0,70,36,5,36,22
OAHEY2323W,8531721114,722,5,1,150,81,2,30,20
DAUFK9417P,6754327592,485,10,6,137,45,5,14,13
SRYKB5106X,6663554788,457,5,1,44,24,1,24,12
PWRFE2708Q,9449347339,419,6,2,112,73,5,20,18
GLVIN5156M,8672856145,457,4,0,29,24,3,21,19
BOSBW9795A,7632864449,839,12,9,134,44,2,23,11
TCEHJ3413O,8254444556,681,14,10,36,26,2,17,12
HUKGD1726U,8236122757,561,9,6,215,117,4,47,30
FWQTK9442G,6352196546,543,13,9,158,54,1,14,4
CNZGT8611N,7381218183,408,12,8,238,112,2,29,16
TPURN9088K,9123122317,438,6,3,210,28,4,16,12
PAJAU4762G,6655574816,468,14,10,23,18,2,46,34
LUREU6579S,8386787824,669,3,0,218,76,1,40,28
XRCDS4421N,8486688846,765,12,9,225,151,1,8,4
CZGLY5615T,9677324164,748,11,7,142,27,1,55,19
HMJQM2699Q,9599463795,812,13,9,50,28,3,36,16
MBILZ9036V,8325472585,545,6,2,57,18,5,29,25
YOUUO7610Q,8898537866,458,6,3,230,157,3,4,4
BZQNN1103C,8781677236,544,7,4,188,169,1,24,7
DRHAG4666B,8554748445,452,12,9,195,169,3,16,13
WASAP1899B,8554385267,438,14,10,206,123,2,19,17
FASJN1160U,7892844247,429,2,0,122,87,2,10,8
HAECJ2201A,6933473367,430,6,2,174,29,5,36,27
UYOSY4982Q,6743438768,760,7,3,59,47,4,12,9
ZVFNK3023S,6284638363,470,10,7,124,46,5,10,5
YEBGM1368O,6933536183,681,7,3,87,65,4,43,39
RWHYW9715Q,9623268268,630,7,3,69,18,4,50,22
KLQCV1814R,7566264621,808,8,4,210,119,1,26,11
BONEZ4800I,6897469337,493,2,0,36,34,2,52,13
AFSUE3751K,9732123577,784,6,2,216,178,3,55,13
ZUZOY5591R,9436757556,759,4,1,125,47,5,23,12
RQQHQ9900V,8744656268,717,6,2,131,67,3,56,33
UTBFY0821Q,9373379854,724,5,2,59,54,2,47,17
OANVC1050W,9729323857,688,2,0,203,102,5,40,25
VWVBC0566A,9875838688,629,10,6,222,26,3,54,46
RYXOH9328Q,6726447787,823,9,5,178,18,4,45,27
PWOHH1418U,6522762783,430,11,8,146,68,1,40,21
QNQDF6618D,6521764952,723,11,7,229,127,5,26,22
FVSQC2275A,7244255322,751,9,5,85,74,4,44,16
NZVGA6714L,7487726555,517,13,9,215,86,4,11,8
OGHHP6896O,8648792818,740,12,9,91,25,4,35,25
QTGQR0161D,9795424837,445,10,7,50,23,2,59,57
JTOGY4435B,7317413328,767,12,8,107,64,3,14,14
GTMFS3431B,7546445111,846,7,3,219,208,5,46,16
XDBYI4225B,9742825152,764,8,4,113,49,1,34,5
GSAAB4941I,6671728987,790,6,2,224,155,5,17,13
SVWVB6396D,7324462866,755,5,1,205,54,4,55,20
FCZXM2920A,8642363357,770,7,3,194,182,3,28,24
IAZAG7697T,6269718923,506,10,6,205,180,1,37,15
AXVQI6110M,9495332452,429,4,1,42,20,5,6,4
ICKLU3733P,7468872851,546,3,0,142,120,5,52,21
HUPUO7218V,7556261687,401,13,10,221,152,5,36,30
IJPSG6686V,8853143121,635,7,4,212,79,5,49,42
UDXLZ4665X,8678974526,816,5,1,167,103,2,6,5
MZCGE5835J,6737842733,563,3,0,80,36,2,25,21
QXDNP4619V,9924544987,753,2,0,87,44,1,32,24
TPRBX7958F,6455635288,617,6,2,124,84,3,19,13
JRFWO9829C,6276958837,456,7,4,239,160,4,49,7
LOQBE5883O,8395572354,658,10,6,70,63,2,11,9
WGRMD3114N,6123912484,675,3,0,186,65,5,33,8
THOYS7100K,9841738285,747,5,1,159,151,2,14,8
OTGIA5590M,7264125246,423,14,10,22,20,1,6,4
QSJAA0491A,9444974817,819,7,3,43,43,1,17,10
GLKXH7251A,6632734562,833,13,10,80,19,3,8,7
WMEVO3448K,8365582828,644,14,11,198,83,2,4,4
JPUXR9642G,7688668553,778,3,0,66,65,1,39,22
TWGCW7625I,6646257377,514,9,6,28,27,4,14,4
ZIJZO8299B,7968831835,543,7,4,114,64,4,14,4
YYXLF3102H,6568625893,498,3,0,161,77,3,55,48
OHVSE2477I,7819889376,551,4,1,43,20,4,22,19
VFANM1091V,9244813917,484,14,11,225,52,2,52,50
MKNIT1018F,9219628559,587,13,9,145,29,2,33,26
FYSVO2772Y,8755763274,540,9,5,149,25,5,28,8
YLPQE9175N,8226728342,630,10,7,161,63,3,51,25
BSIGJ2840B,7611386534,611,6,3,193,135,5,27,4
UQDAW2526R,7526817587,676,7,4,92,92,1,33,21
MYBKC8994C,9612566794,452,14,10,221,147,5,22,11
LZPPE3979M,8311295258,828,4,0,25,25,3,40,25
VWXHS4113D,7194698427,608,4,0,128,126,2,27,9
VQNXD6751A,6794441293,546,9,5,208,136,4,4,4
ELYKG1946S,7512638425,725,14,10,91,31,2,26,4
RSCUK3142W,8564473322,782,3,0,198,18,1,6,5
WZHJL6711X,7538847843,832,3,0,100,22,3,52,52
VQOAF3126O,7339543388,517,3,0,18,18,5,12,9
HNHEP7258O,6436583361,740,5,1,116,25,2,47,16
SMKTI3798C,8783951232,722,13,9,167,166,3,7,4
CNGGC9424X,9321153758,823,9,5,31,22,3,5,5
FRINV8900P,6472847893,671,13,9,189,65,3,7,7
RDABN5879A,6821285542,715,14,11,34,30,4,5,4
LOBDU9460Y,6297112255,804,11,7,181,115,4,42,30
NXTQM5676B,6172166998,842,2,0,49,46,3,38,11
OLTOZ0309V,7634647281,457,8,4,95,95,1,8,5
YLXDM1331L,6242757529,655,9,6,223,146,4,50,46
EAJRJ5759A,9484533224,450,2,0,96,19,5,34,18
HSPLJ3092I,7945355446,512,11,8,151,94,4,24,23
VKSJL8555N,7876847824,472,7,3,105,34,5,44,40
ZLPUW0183B,6356262663,712,14,10,105,94,5,39,7
HMGXI0358L,9248773287,745,4,1,186,61,4,30,29
HLLOF3359R,7987386681,665,3,0,99,76,5,47,5
IABEP0288V,6812278853,663,13,9,156,153,5,53,16
VSEGG7514J,8475652544,682,3,0,118,52,5,22,19
PAFAS7785G,6378334277,620,6,3,143,137,4,22,17
ENNBZ3669W,7292733453,598,6,2,108,106,3,48,28
QQMRI7591Y,7977811498,848,14,10,57,52,1,53,38
VTKCI9406R,6834637795,806,14,10,71,41,1,42,31
BETYV7281X,7848278623,457,11,7,79,26,1,11,5
NWZDZ3861U,7446732892,598,13,9,33,23,3,17,8
PHVOX1303L,7157536842,832,10,6,34,25,2,23,17
HBOHL5447N,6525323247,620,12,8,144,77,2,10,6
BVMZN3864N,9443345753,676,9,5,100,57,2,54,17
MLIQB2000Q,6678582564,797,4,0,217,46,2,33,8
EWYIJ7619C,7828993438,769,6,3,199,161,1,21,4
VURZJ4465F,9283884656,709,11,7,89,84,3,60,21
OVXOI4392P,9893147316,710,2,0,193,88,5,21,18
SQUYN0667R,8976953788,542,2,0,195,126,5,30,13
CNBBV3723W,6222874483,563,3,0,198,127,5,11,4
DVQTF8677B,7818617855,623,12,9,226,63,2,9,6
IMDHZ7813N,6358975842,789,5,2,178,86,3,34,30
PGJEW2126D,6875567463,724,2,0,217,41,1,7,5
LKKIO6478P,9163582391,832,14,10,173,140,1,54,41
PTNFB6343C,9858488248,464,2,0,236,229,1,56,19
WIROQ3657K,6433644381,778,3,0,32,24,2,25,14
NLNFR1501E,7542587438,468,11,7,111,46,5,6,4
INUSZ3518U,6629643398,642,9,5,113,109,3,45,16
CWMRQ1263R,6634145236,435,6,3,63,45,2,15,12
DEAZC5280Z,6526423955,768,3,0,142,129,3,33,5
EZBMQ1866L,9454246636,655,13,9,31,20,4,38,37
DJRJJ1865A,6635321483,757,2,0,33,24,1,44,25
AXKYM5052Q,6733967786,732,4,1,124,34,4,29,21
OHMWP6915S,7272576462,575,4,0,70,45,5,15,15
AWVSK7933X,9432778863,838,11,8,192,71,1,22,20
FTAEU0566C,7322742784,561,13,9,54,26,3,47,15
NWRIT2819L,8533834354,677,14,10,85,39,3,4,4
REAOO9823L,9929334356,736,8,5,48,26,4,9,4
WUVNQ3810B,9382947437,677,6,3,87,58,4,13,13
UWDML7651R,7527862497,412,13,9,84,20,3,36,13
GYJNG0248A,8582654732,459,14,10,185,118,2,6,6
PJLDW9802P,6758552781,818,5,1,143,120,4,16,14
XPHPR9405B,6523567267,552,8,4,43,30,5,11,8
JNYEC4439V,7326253474,773,4,0,163,47,4,47,47
BSQEL8307Z,6938824413,447,3,0,51,23,5,54,51
OWUSB4417V,8521354161,406,14,10,163,151,4,15,12
RJVEM0628M,9866768363,493,12,8,154,124,5,12,11
HZAIV2354X,7467886588,505,9,5,60,30,3,11,11
AQPNA9097X,8445975222,721,10,7,46,21,4,41,10
LFCIL5016Y,8337236578,553,12,9,172,82,2,51,13
BCYEB8496Q,8464328855,776,11,7,152,57,5,35,14
OTUWE0891D,7247482659,559,14,10,222,26,3,56,56
KRZXP6283Y,7582383792,502,4,0,32,24,3,9,5
YSMMO0176Y,9876491565,468,6,2,129,93,3,33,29
SGUGE3493Z,7749977337,589,6,2,37,30,4,37,22
QBCNF4300Z,7896853314,412,2,0,59,22,4,9,5
HFXSV4387P,6785894724,533,3,0,225,166,4,20,8
VRRBW2345T,6699462445,691,12,8,116,34,1,50,22
APOYS2158K,9954387343,708,9,6,27,23,2,50,13
WZEHI7876W,8273461448,684,3,0,79,58,4,21,17
AENKC0063B,9136248567,705,10,6,229,195,4,26,5
KVGRG1442Z,8276951897,406,13,10,195,75,2,52,47
IYKXV9337L,8218352824,665,5,1,117,92,5,36,13
WNYRQ2314E,7643212782,552,5,1,238,127,5,34,26
VFJHK5575R,9586634375,525,14,10,34,34,4,26,23
EIAIZ3435E,7387557818,802,5,2,127,35,2,19,16
BIQCT4628R,9257328865,711,11,8,147,20,1,29,7
JFIUA1152D,9372665568,626,12,9,27,20,1,52,7
GMGXC8969O,7991383723,446,7,3,175,60,4,58,29
LWLXK0531W,6437743546,602,3,0,53,47,2,59,31
FOFRJ7035C,9172255473,616,8,5,95,70,3,58,10
DPCLW0123U,6373245826,838,14,10,43,36,5,44,35
JPLON0978C,8118679325,576,4,1,135,126,5,39,21
NJLOQ4641Z,8338617384,817,5,1,151,25,5,12,5
HKWQS8477O,8175244671,515,7,4,237,228,3,53,51
DKEYE3597N,7643497277,763,2,0,100,40,2,20,4
XOVHC4059E,8456438566,400,2,0,191,132,1,21,20
LMWLS6463M,7885633333,493,9,6,221,74,1,57,25
FOXRV9519N,6462855244,702,2,0,226,139,4,42,22
BDZLZ2265T,7353544225,554,6,3,208,65,4,12,11
XLHAY9013K,8885528345,741,8,5,205,201,5,30,7
YFTLQ6996Y,8816893264,742,13,10,212,39,5,60,31
PCETF6301F,9241225852,559,8,5,159,18,2,8,5
OMMBZ1076T,6668611259,592,14,10,151,80,1,47,7
DNCZS5083T,7145867528,765,9,5,144,49,5,24,22
LNCYC5037D,6666828345,562,10,6,220,172,2,36,20
ZNCTO9923B,7548693135,443,11,7,97,95,4,5,5
AXCOI4360F,6678975623,507,8,5,142,136,3,28,18
SHYYA3459K,9277963291,749,2,0,223,216,4,26,11
IMTTO1710V,6552658638,561,10,6,99,89,5,47,17
HOCTE9728S,7289559887,825,8,4,188,181,1,10,9
GGEPN6334Z,7872845258,839,13,9,198,177,1,49,16
ZHMDZ6614N,9382376483,462,8,4,167,105,4,13,13
XAOOE7998B,9194179356,640,13,10,156,119,2,32,29
VEJRO4736Z,7634646498,714,4,1,168,48,4,26,20
XZLZO6730D,6425891294,831,13,10,87,84,1,16,12
AOBBZ8777K,7651523432,473,7,3,170,36,2,15,8
FNRMB5381V,7865187395,741,9,5,177,49,5,8,5
HPJGI1506D,9723135523,501,14,10,167,156,1,49,16
LUTDE4463N,9655842386,549,5,2,103,77,3,7,7
VIBIB3577E,7852312563,834,5,1,32,24,4,55,55
SHBJG7399Y,7136861846,665,10,6,197,165,4,48,14
VMNXM6820B,9413157572,432,13,9,99,65,1,4,4
XZCFY4057Q,8484858694,516,5,1,187,132,1,15,9
DKVRM2641X,7295639438,471,9,5,102,18,5,34,13
KGKHY7951U,7366784873,524,2,0,61,21,5,59,38
DZGVV0572F,6331747376,795,14,10,115,113,3,57,35
YHKTQ6521D,9455764414,806,5,2,178,74,1,30,16
MCQTD2373N,6947587384,673,5,2,144,30,3,7,4
HGWYR5743S,9325876392,691,9,5,173,64,2,45,22
CBUZY2862A,6343924152,836,13,9,119,30,5,4,4
IZJII4804P,8744329668,578,3,0,87,75,3,53,5
FAHGL2852K,8258535819,518,7,4,75,49,1,36,15
XJNQK8026K,7837392526,791,6,3,86,38,3,6,5
ULKJC4377C,8325865648,652,12,8,154,34,4,40,36
EWLVW8572C,9472282556,667,8,4,84,72,4,4,4
KHPWO5998G,8825713665,802,2,0,97,53,3,49,32
SQYOA1216B,8251337778,539,3,0,135,125,4,14,14
WAJGX5126M,6427645584,730,11,7,134,38,3,30,27
EZCRK5559Y,8345682584,496,14,10,213,90,1,58,40
XXTZS7191I,6358331599,635,8,4,173,98,1,19,9
XOPRD9773T,7872151263,651,11,8,139,111,1,15,13
JSXED5291T,7166521189,840,6,2,128,99,5,8,6
NFEKM4066L,9623263764,653,12,8,217,26,4,36,5
DTYVR9673N,9748463783,820,7,3,151,37,3,43,19
JQVHF1867R,6356459568,536,11,7,19,19,5,36,17
EEXMA1221Y,6552843352,849,8,4,169,100,3,47,7
XNSZW4302D,9284644562,494,6,2,137,70,5,37,28
UEUFN3433D,9268855855,750,9,5,66,27,4,17,5
YBLOI6596V,8821178286,486,2,0,68,54,5,22,10
PEXFH4287L,6343276382,546,5,2,71,38,1,32,20
MADBY6968U,7757257295,766,8,4,53,25,4,46,41
JXRDB6054I,8611523558,743,9,5,135,50,3,19,10
NIIHS4901H,6388445422,648,10,6,239,50,1,48,28
IRYGR4989X,7893555481,670,13,10,175,134,3,17,12
KYZAM2008K,7135812626,749,8,4,187,31,1,37,10
DDYBV3378Z,8287448993,667,7,3,93,79,4,20,18
XFSEO5048B,7848696739,494,14,11,210,161,3,18,4
DCQXQ0406M,6329351756,795,9,6,165,102,5,9,5
RGEDN7948L,7379237549,557,5,2,171,120,5,4,4
KMTEA3475Z,6863344275,665,8,5,28,18,3,60,50
CATSA3400R,7654357417,599,10,7,133,29,5,21,6
OIHDH6437K,7493348222,533,13,9,40,23,5,30,12
QABAK4319K,8218357531,744,7,4,150,84,3,7,4
FPBKR1126U,7235637375,836,3,0,173,81,2,4,4
FCJED5944Z,7517981845,790,4,0,219,79,2,43,38
RWESP0796O,8896164758,752,4,1,76,42,4,45,38
IIACF1769D,8647458554,463,4,0,161,79,5,9,8
FRZOU3992P,6747485327,585,14,11,106,48,1,22,10
BNSLE2260K,8278812316,846,5,1,30,29,3,50,11
UTTCA9727G,9855344931,803,10,6,24,20,1,13,13
INVBM2037Q,7758477963,685,13,10,205,55,4,13,6
MRZEM9521U,6475788656,601,2,0,33,30,5,11,10
IZXYM8587T,7343852956,427,6,2,221,206,1,15,7
FXWRN3856I,9863477333,641,2,0,187,35,1,59,29
KYRLH2723R,8795248396,686,10,7,160,84,1,30,11
WLROQ2238I,7276282697,836,3,0,84,67,5,53,14
GDQLI3688W,7623418674,578,2,0,78,74,3,21,19
TYMXX0476O,8942634329,822,3,0,154,59,3,13,12
VFAJU7642M,6871353453,474,9,5,161,121,1,13,7
OYOOM3600C,6321868582,686,3,0,125,91,2,9,7
KBPZI0492T,7833545542,422,2,0,237,122,3,21,19
MLMJI1344N,7544293255,841,3,0,170,62,3,26,18
UHMFG7830G,9465126953,825,8,4,103,36,4,32,17
TGKUU4743S,9623123768,488,14,10,104,65,1,49,8
FDICB1579K,7226645642,609,6,3,119,71,3,50,16
WHVTS4735F,6591237782,584,5,1,204,201,5,11,5
WOATG7595A,6865747862,676,13,9,189,45,4,17,10
BIPIJ7324D,9341432653,800,14,11,189,144,5,54,29
DJHRS4140J,9754512843,685,14,11,141,57,2,9,7
LMMIX7829D,8638944838,609,12,9,220,106,1,59,30
QYPQO6885M,7412575176,750,8,4,21,18,3,24,4
GVPZN2856P,7753233286,820,11,7,93,18,3,38,9
NBQID1844C,7362468415,497,11,7,149,95,5,7,6
ABMPG6871U,6317813566,507,9,6,185,159,4,10,10
IGZVT8167P,7728176987,834,12,8,134,96,3,57,20
DUQYB9622V,6581337884,578,8,4,19,18,1,23,18
PITGD1799X,9638568949,587,13,9,26,24,4,4,4
HPFSF0868T,7346728716,734,5,2,103,91,3,42,12
WESZR3464R,9488749667,680,13,9,42,38,1,9,5
OXPUP2816P,8739469995,772,8,4,24,18,5,10,10
BBIYD7636S,6398338822,771,8,4,22,18,1,57,37
GJXYU6347X,7877197632,675,14,10,166,43,1,7,6
WJBHM4101F,6652852424,554,10,6,132,71,4,22,11
VTZWQ3681C,9518744654,435,4,0,19,18,5,35,33
ZZOQC7870J,7612875782,658,9,5,143,103,3,43,25
XZOAJ1844D,8826997272,711,12,8,174,103,3,39,22
TKIAO0293U,9726752572,649,10,6,106,90,3,54,9
RHAMI3928F,8527769754,584,13,9,94,43,4,35,6
EBITC2510M,6679557244,442,7,3,204,97,1,49,41
QKNLD1806K,7698287653,488,4,0,123,19,1,10,4
RFTKF4422Y,7652751245,564,9,5,228,218,4,32,7
UTZFE2436Z,8759484412,618,14,11,214,96,3,54,48
SXRUV9958V,9528682244,848,6,2,82,80,3,19,8
LUGRV0471N,6856247869,664,7,3,107,104,4,8,8
TRUDJ7225L,6553695713,489,12,8,212,136,2,25,19
WIWTL5964M,9489223258,670,5,1,114,28,2,23,8
VCQCY8873K,7287275484,438,2,0,205,103,5,31,24
OPUKT9619K,7686939322,658,6,2,114,83,3,18,14
ZGGMT8533M,7695453738,620,2,0,154,22,1,46,42
OHJBO6299Q,9658554866,731,7,3,67,55,3,53,40
HXIOA5700Y,9164755148,811,7,3,113,111,2,7,5
VFUMU1792Z,9417391818,516,6,2,35,21,2,7,6
JHRSZ4877J,9587431642,617,7,4,148,20,3,48,21
TSLDQ5573L,7656464535,734,6,3,161,89,2,23,22
ZFWPH6315J,6839344765,796,4,0,196,30,4,21,18
XSPVQ4899F,6299518875,700,3,0,71,27,5,14,12
ANKIK5180V,6148975357,607,9,5,178,128,1,48,46
NDYTW1754S,7444571567,422,11,8,110,65,2,60,45
WWXKV6681Z,8619328283,729,7,3,179,74,5,49,7
HAGNO6822X,6458881556,405,2,0,61,23,2,22,12
NHKYV2327P,9497861353,435,6,2,106,86,2,30,9
AMDST0980R,8748357282,529,7,4,34,21,2,27,21
ZKRCV7058T,6681124757,645,7,3,223,81,4,7,6
PQUPH9358C,7232818231,493,7,3,209,29,3,33,18
HFJPK6837E,9571852489,592,11,7,219,119,4,11,6
VTBOL6994U,7848659739,755,14,11,124,106,1,4,4
GIMEA9896F,8972378539,693,8,5,102,50,1,17,17
LTBYO5191H,9866959872,422,10,7,46,26,3,41,34
TXSTQ8196V,6251752574,729,3,0,94,50,1,37,19
TWNGR4471X,7364846145,681,14,10,63,36,2,43,43
REGYI7092K,6373951255,587,2,0,68,20,2,4,4
YLORY0927S,6285938256,703,2,0,63,40,2,57,22
TDZUE5392A,8518493487,606,9,5,45,40,1,31,7
RNEUN6028Z,9638628264,633,5,1,153,115,1,19,8
CRHNB5562C,7837817574,757,6,2,240,220,1,8,7
HTCAX3734M,7264666841,452,7,4,83,58,4,45,29
FSOGC8618Y,8534275786,442,6,2,160,95,4,53,27
IJIYI7594E,6652974691,603,8,4,85,54,3,40,16
TIRSJ9155J,8675457128,642,2,0,145,82,3,12,12
IDOZX1355V,8963991746,616,7,3,115,46,2,48,28
TMPHQ0978M,6558423656,430,7,4,74,73,5,53,7
HISKJ1289J,6527623568,551,9,5,51,44,5,38,30
VVIFC6231W,6662653774,806,10,6,165,93,2,17,14
BGXFJ2946C,8233664484,743,6,2,222,200,2,55,41
IHUOL9498U,6322662988,455,7,3,161,147,4,27,15
RVLEF4582W,7897533546,713,8,5,106,83,3,22,4
XXBZT3260D,8239437435,818,5,1,206,36,2,10,5
RVGJD9338S,7657855733,588,9,5,91,91,5,60,17
UYWQK0302X,7928668874,624,6,2,45,45,1,35,10
FUTSQ2248F,7577356677,781,10,7,23,23,4,59,44
OLNHI6278C,8258351282,836,5,1,25,21,4,30,12
MEMNM8403I,8859118881,567,12,8,145,34,1,13,10
RXBXP3616P,9452977267,748,8,4,93,65,3,50,28
HCLKG6779T,8366725462,610,2,0,226,225,3,11,4
DOOTT8183V,6515497368,551,10,6,44,30,5,50,25
XKCNA2847U,8575656558,439,7,3,20,18,2,36,33
CTGBZ3492E,8258398252,703,13,9,21,20,1,52,31
TRNKR6575H,6656685394,679,13,10,128,111,4,49,13
RDTTT8181N,8282275292,410,4,0,155,80,4,8,5
PVCHX5037N,8783255872,803,3,0,31,24,4,42,6
HOAXA1369H,7644852251,705,13,9,185,116,4,4,4
RBWGD2181W,8722566238,588,7,3,192,75,5,12,5
VZRDR2086J,6754228188,534,3,0,86,36,1,60,60
RAFGL4459P,6867658822,823,7,3,211,175,3,13,13
SWDGO9201Q,6628272789,592,3,0,119,91,1,26,25
HLHDX1346W,8388287161,638,5,1,217,138,3,48,10
EZQRR7343X,7749326162,506,3,0,68,63,1,26,11
UFHBW1553V,7772293636,501,10,7,18,18,4,45,39
FPLBR6227A,8618773627,622,2,0,173,125,3,4,4
CTUCQ6941W,8455696932,477,4,1,215,47,1,51,47
CDEKT3781K,8444272825,722,11,7,42,18,1,47,6
AIKZF4389A,6279223277,692,2,0,226,43,3,31,28
BWZXB0694X,9247355377,743,11,8,125,92,4,51,25
JSZAH1467E,6798225623,533,12,9,58,40,2,14,6
VTHZN9713R,8673746249,647,3,0,142,114,4,15,5
YPXFP1781R,7478258512,461,4,1,220,139,3,6,5
APYVG6538F,8522246437,823,13,9,148,98,5,35,16
AECFP4044C,6271886465,401,8,5,169,147,1,31,21
MHGVR9341J,6464646333,790,5,2,141,133,5,55,42
DNJHJ8485O,7543847434,625,8,5,155,113,3,7,4
MNPVI0240K,7225645334,689,7,4,47,26,5,58,11
BORVE4953E,7782145931,735,8,4,220,30,2,52,14
YRNGY2993N,8236384262,621,5,1,208,191,2,54,4
WMKNU2375A,8245975884,844,13,10,56,22,4,38,35
CTDIG0463N,8635519973,628,6,2,138,33,1,23,10
SIYHZ6098E,6848928238,564,8,4,69,38,3,57,44
NROOK5544F,6285257555,788,14,10,155,78,4,22,6
TCLIQ6888C,8217824472,574,2,0,190,95,2,13,13
AIROU7850L,9663235548,735,8,4,88,58,4,39,15
CMMQH4704F,7531577826,726,13,9,211,154,3,42,29
UWTOV2482M,6531769219,822,6,2,234,206,3,31,16
OHTNS6024V,7437379335,707,9,6,19,18,5,22,4
AENFP3274Y,6496654383,505,8,4,202,93,5,49,49
CYDCQ7737L,7277472453,713,10,7,219,147,1,22,17
AQXDK1094R,9843563576,628,8,5,31,29,4,16,11
DPRJR5856I,7943698124,709,9,5,91,35,2,37,28
RDUOE4537T,9456387791,719,8,4,215,99,5,13,4
APHUL4022Y,6762867545,581,3,0,44,18,5,5,5
BVSIF8193P,6945755745,779,7,3,20,18,1,49,27
PUUQI3135Q,8394683685,669,4,1,153,36,2,25,21
IPLWI0449M,8249366665,841,9,5,49,23,3,43,33
CWMXE9841C,9442395954,509,12,9,127,111,5,19,13
FSBIK7592R,6743577339,736,6,3,129,41,4,60,11
VYUPS1113B,9297752266,820,6,2,159,48,4,43,34
YQMJX7810Y,8562738164,802,8,4,38,36,1,20,14
ZMZPT5251J,7989523839,752,6,2,85,71,1,55,54
WQVDO7604B,7653424383,601,10,6,104,38,4,14,8
DIGVC3469B,8627546194,425,8,4,148,55,4,33,6
CIONO7859Y,9427566239,524,10,6,74,52,3,6,4
ZKGMX7284G,8244767532,712,5,1,89,69,4,32,5
XWOAP2517E,8962582758,798,8,4,32,26,2,17,12
WJTBB6846C,7555361652,786,11,7,65,20,3,50,50
EJTMW6644E,6563882844,761,8,4,49,27,5,58,8
ULLLA1795K,8337268554,560,5,1,95,24,1,24,18
XXFFC6830B,9684671553,607,11,7,189,21,1,22,12
SJHKC3649Q,9697275871,706,11,8,175,99,4,25,9
LMGSC8814O,6434943822,406,13,9,74,60,5,32,13
XFNNF9343R,9619941545,672,4,0,153,98,4,50,44
YXGQC7175N,7986583175,686,13,9,187,142,5,16,9
VWIFK1805F,9923512785,634,7,3,232,177,4,35,10
INIPN7165R,6651737233,640,4,0,99,60,3,15,15
OAXFQ7720B,6648854291,554,14,10,156,96,1,54,39
UOBJO6446P,9577539625,785,3,0,35,25,4,35,8
JXGAC2414I,9875853686,441,11,7,166,29,3,54,5
COILP6065Z,6971246846,414,11,7,72,40,3,50,36
RXDYF6642E,8658654683,420,3,0,138,31,3,32,17
WRVNL0100Z,6896453424,779,9,5,66,31,5,27,26
LZBCH1932C,6583456742,848,12,8,32,28,4,10,5
POKVB3585Z,9762685862,714,2,0,206,54,5,55,35
PPFQT5026I,6765395346,612,4,0,209,36,5,41,20
MSAXZ7899K,8674335322,750,9,6,99,96,2,20,8
WLGLP2353E,7736564613,578,7,3,53,53,2,16,7
ZGIXG6647L,6458222356,563,6,3,240,80,4,50,10
QPYDG2207F,8137539326,650,7,3,180,35,3,38,10
GVNVK9855L,9672697846,532,8,5,192,29,5,48,43
AJCLQ1492J,7656797429,719,8,4,118,38,2,6,4
KRGRC5156M,6899294651,591,4,0,60,25,4,30,28
YNCGI8030M,7835615263,406,12,9,124,41,4,41,28
TBANK3566Z,8288887636,829,2,0,43,32,3,26,15
DDEDX6448E,8574698294,727,11,7,182,72,4,35,22
OADBC0402S,9475756187,476,4,0,47,27,4,9,6
BCDBI2232X,7386726671,648,5,1,79,22,4,18,16
UKKSE5427P,9884754834,618,6,2,230,51,1,17,11
NAYIE9277Y,9558484937,492,2,0,194,166,5,21,21
RLHMO3628U,7242815367,763,14,10,189,177,1,27,7
MEHSV4270Z,8844774484,425,11,7,38,25,1,15,12
AZFIA7715L,8963538435,842,3,0,180,113,1,59,40
UQCOX8160Y,9478349313,480,12,9,167,105,2,27,12
YZFOY5500Z,6541897133,550,8,4,40,38,3,16,12
CQZOT7225A,9538215658,436,11,8,185,168,5,46,44
VNYCE3040S,6375382578,657,11,7,69,51,4,56,15
JQAQT1012K,6421993976,835,10,6,214,127,2,22,12
PGMEI2493L,6216825621,807,11,7,230,32,1,11,10
JSGFE0593H,9137552154,553,9,5,110,73,3,46,40
GFDIZ3324B,6223692697,667,14,10,217,66,3,47,32
PUOOQ9719C,9718846871,752,10,6,92,89,1,43,8
NTYNJ9315M,9252743832,522,14,10,111,101,1,36,19
GTPTE7814L,7444298646,542,6,2,102,72,4,15,11
YOFYI6221C,7432866584,789,5,1,18,18,2,58,54
FYOWR2696A,9529632974,630,3,0,61,41,2,29,17
ACOCL1915I,9572734353,676,8,4,43,22,2,39,4
HMPGS7441W,8322613328,455,3,0,139,96,5,12,10
HSVAK2506D,7388144782,446,7,3,212,103,4,33,26
HFTGR2321C,6629431455,408,9,6,221,76,5,32,7
YCRIB3318X,8435858455,476,5,1,187,148,2,37,16
EOLBX2484G,8813372552,525,6,3,127,82,2,21,20
YJOOV4415U,8357465653,471,4,1,171,146,3,58,56
BMCBI3082F,8241754594,617,9,5,30,29,4,51,12
CWHKQ6171S,8124678653,712,7,4,59,37,4,41,14
YGXNF5486O,7523673924,777,3,0,227,225,5,58,18
UJYRN0921N,6548797872,821,14,11,207,161,3,22,9
LLWYD8309L,8536853267,438,2,0,47,46,3,30,12
WJIHR9873B,8269864497,645,14,11,216,18,1,43,38
UHJYA0107R,7474349795,490,9,5,205,32,5,33,26
QGWHL5926Y,8854439667,758,3,0,136,90,1,15,13
SDQFQ7694E,7374178692,507,13,10,160,133,1,55,26
ECXEF3769N,6529569862,633,3,0,62,41,2,45,33
NWZGZ4727E,9877165943,604,7,3,68,51,2,31,15
VGMYP1041K,7512178686,534,7,4,207,62,1,21,17
MVUWN5459F,9153853885,571,5,1,61,41,1,4,4
PVXMK3738D,9155386364,451,9,5,108,103,2,58,29
WHMIX4181M,7728783887,560,3,0,81,77,1,40,6
VPQDM6362L,9874667192,406,3,0,29,21,2,9,6
ZLEDU8086V,7385557765,715,8,4,169,147,3,4,4
XSNBN8793T,7883453266,512,12,8,43,24,2,54,40
BMNXP7474F,7263285424,738,10,7,200,42,2,34,17
BJELH9323S,9298448442,632,3,0,236,214,1,53,23
BXRBW1835T,9847357798,548,12,8,107,57,2,19,9
RBCYZ1516F,6795523719,825,14,11,19,19,1,6,6
JHSXU3453A,7391289978,727,10,6,122,85,1,44,9
EOFLX7324P,9813668473,556,13,9,165,110,4,49,21
ULFUT4736C,6544549731,578,12,8,39,27,2,35,10
PVMJC2932J,8847832395,450,6,3,208,187,5,7,4
DQDQI3881O,8237735982,637,13,9,94,29,3,24,22
ZDHOL8183K,6282258352,642,11,8,19,18,1,32,28
TATIL5082D,7152637653,610,14,10,21,20,1,48,31
ATINI6637I,6161347156,584,14,11,214,21,2,23,8
IFTDP6605H,8363622574,746,11,7,42,37,1,9,7
JUNHK9203B,6825186583,791,6,2,95,29,2,12,9
VEXZM1295W,6826244159,482,2,0,223,219,3,26,5
SKPYE3104Y,6985565623,634,5,1,211,66,2,56,13
EHTZX3573I,9439574277,542,7,3,29,28,2,43,38
GPLKQ7613E,6324996485,742,13,9,147,132,1,25,22
WJLAN3326L,6423426262,527,14,10,184,71,2,43,37
WHQKU4926S,7577321262,472,2,0,172,168,5,58,37
XLZHQ6947K,7675646186,657,10,6,185,48,5,52,24
PLWRG5030N,6467771815,849,5,2,101,55,2,59,45
USJTG1082L,7341283743,775,9,6,99,21,3,16,15
SDDHK5595S,9763265995,519,8,4,70,66,3,35,4
BPGAG6156J,8846497527,648,4,1,42,29,4,60,5
EFTNR5999C,6328436647,725,12,8,141,47,4,59,16
EROYA8756E,9637742577,581,6,2,170,57,1,39,8
TFPEN6758G,6584744233,829,7,3,155,71,2,25,4
GQPOY9421P,8366637441,549,7,3,156,115,2,24,12
OQZVQ2016I,9325521868,768,14,10,96,57,2,51,31
MLZRH4059G,7442184858,755,6,3,215,138,4,30,8
IVTHH9466F,9381712423,673,2,0,193,156,5,33,20
ZJNDH3307C,9798633497,703,6,2,201,156,5,25,15
TFSAG7337V,8643734274,690,4,0,172,134,2,35,11
MQROD7745C,6822178777,620,5,2,134,110,3,27,23
ENIFO0733Z,6776442186,848,12,9,194,118,5,27,16
HHHSJ3645B,9939564984,439,9,5,64,45,1,14,4
WEPTD4262V,7857538586,702,13,10,148,100,1,19,13
QSLRQ0563E,9765589326,663,5,1,86,23,5,49,39
BQISD8192Z,9453468177,650,12,8,130,111,1,31,13
MAVRZ5290A,9562688341,726,7,3,211,38,1,26,12
KSSFG6858H,9265368883,740,6,3,157,147,5,5,5
YVSXT2597M,8242552348,552,2,0,53,35,4,54,26
KFVHY4369Q,9113371385,581,3,0,178,117,4,36,10
CIKFW2731N,7489444475,807,13,10,167,158,1,28,16
AGOYC5702L,8551353342,420,11,7,190,133,3,24,24
OVFNF5848J,8542477241,649,2,0,135,116,1,15,9
ZCWSF3525G,8653814766,751,14,11,206,79,4,5,4
OIJNK4568I,7328514386,783,13,9,50,40,3,38,8
EMWQV8813B,8997372682,504,14,11,124,30,1,30,5
GXNXY1878G,6355863668,825,9,5,236,143,5,8,8
XBNDH7452T,9581674332,717,12,9,133,66,5,60,17
LEFUK5726N,9831232492,849,7,4,224,26,3,56,46
XDPAA9735B,7141415573,832,11,7,50,49,4,20,19
CADAZ5271K,9768843715,636,11,7,122,80,3,58,52
URUYG9092F,8326222737,811,10,7,209,130,2,40,20
BRRWE3295G,8654284358,848,11,7,172,94,2,39,21
NFTWG7325K,8778784635,657,3,0,199,106,3,29,5
MHOSJ7415R,6811251269,691,7,3,25,18,4,32,17
TFIMY8635V,6575621268,720,8,4,206,105,2,25,19
LRNIL9441T,9998989758,521,3,0,41,20,1,36,6
WDJGX3331L,9661781644,488,5,2,134,131,5,54,49
DCTOG0040J,9368768255,442,11,8,70,57,2,18,16
PELGD8882L,6864783375,710,13,9,85,62,3,28,20
NQLUI9730A,7755438384,446,3,0,46,43,2,28,20
HRWZD8099M,9739723348,426,10,6,115,62,4,60,14
IRZKX9638C,7787744123,525,12,8,162,36,2,54,23
KPZCG0991O,7185832863,710,8,4,201,74,5,43,41
NKVQV6928H,8727434516,403,9,5,120,55,1,22,16
CUAFV8613B,6725864661,612,14,11,112,81,4,49,36
UXGTY6102D,9837681142,553,7,3,222,64,4,24,17
VKSVX1747Z,7356656373,503,2,0,186,147,2,56,8
RALRV5798S,6525834245,672,10,7,238,109,5,17,13
QRIMB4247M,9773345528,494,12,9,115,88,2,39,24
AUCQE3399D,9848728525,418,9,5,226,43,4,14,9
MXUZP4112I,8886534569,677,10,6,170,166,1,53,52
BZYTA0420U,6263458186,696,2,0,190,83,1,49,22
URTCR9607C,8283654323,646,4,0,195,166,3,7,5
ZAUQK4217O,9434958866,694,9,5,113,30,3,45,24
KLOIH5582D,8254284461,617,2,0,170,121,3,37,32
TDWAI2140P,7744727547,466,2,0,82,26,3,48,22
XKKFO4756G,8593665365,591,8,4,235,25,4,17,12
KCQHC3305O,7853542358,847,6,3,129,118,3,41,27
QOFNB4530T,8593834872,789,4,0,58,53,5,50,20
MCBWS0659J,8658555989,508,14,10,51,49,5,46,22
MFAYC4376I,7538546578,437,10,6,84,39,2,18,12
DVJKS4479K,9527627447,406,5,2,33,20,4,31,9
WTXGQ2588W,9384499382,845,2,0,146,74,4,16,7
HWTQW4266Z,6547298339,614,12,9,112,31,1,34,20
USQJT8757U,6886323617,424,12,8,87,73,2,28,11
AJCET2422T,9181822797,533,13,9,229,218,3,4,4
EGMUP9041S,8754453998,717,3,0,118,66,4,35,19
DOSUO5756W,6889614741,691,8,4,211,121,5,13,13
RDRHN1348F,8553497736,645,12,8,137,104,4,33,25
VHRNI4055N,9765874644,489,13,9,42,20,1,41,30
JWPPA1291P,8385764886,736,12,8,52,37,3,30,11
PZPSX5567V,9361483354,785,6,2,33,32,2,43,38
IYPLX0366F,6854282265,825,8,4,146,92,2,29,11
LMZYR3640Q,7476754572,493,3,0,143,136,3,33,27
CSOEA8407B,7337564316,682,13,10,39,22,3,42,4
BGWBG6850O,7919826219,468,5,1,126,93,1,30,25
LHVQP1441C,9573562856,709,12,8,182,132,4,17,4
ANRRH5312Q,8855537834,507,8,5,162,99,3,33,21
ZRYKM8060C,8852483664,826,7,3,165,25,4,14,10
SOSOG2811V,6757822542,623,6,2,239,154,3,60,46
NVHDG1449D,6715714642,411,4,1,197,50,3,40,26
PXEPV5042C,7675676395,658,11,7,110,95,2,33,7
HUPDS1863D,7476754743,642,5,1,230,167,1,8,7
JGEMM9205L,8852699634,738,4,1,152,45,5,30,9
FMSYN7467G,8824865745,664,4,1,194,164,3,45,43
EMAJZ6183W,6994123638,541,5,2,138,69,2,9,6
BLURE2317B,8679246998,688,8,5,113,38,5,60,9
TPACS1329X,7749323422,823,3,0,91,59,3,25,12
JWLTH7384D,9832516574,663,7,3,45,20,3,11,4
SCBFI3833J,8744133798,679,8,5,120,78,5,50,35
EJHHI9929S,9568985328,494,2,0,102,62,3,8,4
PFOGC8626J,7278232386,707,6,2,119,84,4,33,10
XBAHG7781I,8569456237,770,11,7,233,200,1,54,11
XGTDE3340O,9979377533,840,11,8,26,18,1,24,18
SMJIB1442V,6945137558,746,8,4,227,120,2,49,5
XATKF5494P,6753375746,637,4,1,140,52,2,43,20
BJHSB3222E,9421535637,671,10,6,28,26,4,54,9
FJKAL2522J,9273171758,553,7,3,61,28,4,37,30
LMITQ9416U,6728184525,636,6,2,72,50,5,25,13
UKTWN9712S,6483452282,493,6,3,180,159,1,45,31
UYWOB7445D,7112614267,468,13,9,221,101,3,46,37
ZTNGS9588P,6878925224,627,11,7,234,220,3,60,45
GHINE4669C,9775518688,473,4,0,86,71,4,25,6
QDPYR2457O,8554541385,542,10,6,72,60,4,48,15
QIVBO3723D,6249817458,476,12,9,183,134,1,9,8
KSNCG0436H,9428129852,762,5,1,237,202,4,43,13
WFBCW4775L,9329856865,471,4,0,45,22,5,41,27
AKRCW7637I,9821436134,800,2,0,87,29,3,17,4
WSCRD4507N,9957177636,593,6,2,110,33,3,58,46
FYEIU2772M,8182594794,689,7,3,98,59,4,36,28
IDYFL8795K,8428557258,565,2,0,215,188,3,17,6
ZTRGY6883U,9827742323,687,12,9,91,86,5,18,7
HCXLS4448G,8893661642,549,10,6,79,30,4,18,12
VAIOJ7603T,6481396693,788,2,0,101,60,2,20,14
FXKFC9170D,6474632754,847,13,9,206,116,4,52,33
NBOWW9694T,6162218878,817,8,5,127,109,4,20,10
WEOMK7987Y,6351673641,409,2,0,108,75,3,38,31
QKYGC2570I,6287339277,705,13,10,228,153,4,37,15
QFHAA7256W,8765474877,829,11,8,50,33,3,55,46
LKTKO3540Q,7248865328,803,2,0,171,120,1,24,21
QIQKG5046O,7424338788,702,12,8,212,23,5,9,7
RDVMK7973H,8535856666,438,8,5,32,28,4,60,19
OPXWU5122Z,7215581522,609,13,10,22,22,1,18,11
RLPXB0377Z,9736834348,564,7,3,77,32,2,22,5
KDRDJ1305X,6897326351,787,13,9,51,22,3,20,15
CTAJE2655L,8478114161,817,11,7,102,39,5,55,10
BMFMR2380A,8523232479,565,6,2,232,212,1,19,7
WCKZM3349T,9116758248,641,8,4,112,100,4,55,44
KYPPM5180J,6785364428,650,6,2,82,47,4,20,9
DECVJ5291O,8576159291,704,5,2,208,106,1,57,33
IUMJB0591P,7529723653,498,9,5,175,142,1,34,25
AGBBB2607C,7432842391,523,2,0,22,18,4,28,20
JMOZQ0424B,8953518283,515,6,2,39,21,1,15,4
DYURY6983K,6614778886,481,6,2,123,67,2,32,7
SPOTB3322U,8367192882,619,14,11,233,178,4,21,6
RPPEI5881U,8421797933,564,5,2,43,33,1,36,34
XRLKH8865C,9459257299,421,13,9,120,24,2,53,14
TPCTR9871O,6585232388,807,3,0,42,42,5,46,14
ZHKMJ7114V,9744194348,559,3,0,145,99,5,42,18
TTFBN9898K,9225644117,546,10,6,93,59,3,15,8
NPZWI7006T,8359494884,846,3,0,144,128,3,50,18
IIRKV3449E,9483983123,601,5,1,44,21,1,9,8
GTKER3556X,6822478752,707,5,1,161,123,1,13,5
WTZZP1835A,9215944885,671,9,6,211,138,2,19,15
PISSN4187P,6129627782,449,14,10,181,36,5,35,9
VFDKJ0626F,8548151964,446,7,3,34,22,1,8,5
OBWNA0437D,6526458379,697,3,0,182,53,1,46,12
PCNST0706A,8726463937,655,9,5,192,119,2,33,33
BIIBG7702U,6648678377,468,9,5,152,144,3,40,31
WYSWN1314L,7187598282,502,12,8,182,104,3,10,10
AITNH9926C,8238622132,775,11,8,128,20,1,57,23
TYQSP5643D,6468716325,761,7,3,87,47,3,41,17
FXEZA6500F,8721155644,437,2,0,79,47,3,18,12
KTONO7892W,8456414173,661,4,0,50,32,3,53,53
GDPUC3056W,8953176832,766,5,1,158,56,5,39,23
EIHQS7795J,9833714765,400,3,0,174,83,4,41,22
HJAUY6023X,9488577745,843,4,0,151,62,2,14,8
VJGNU0992C,9352337946,762,7,3,107,24,3,13,7
JVWGO4236T,9528587647,715,4,0,60,32,5,14,11
MHDAW1078G,9672475553,495,9,6,135,105,1,59,9
EWPGW0235I,6815358595,699,8,4,162,116,2,33,23
YJHLZ3298X,7396642552,418,11,8,31,22,1,50,4
VMTOT0033T,8328618247,411,5,1,114,46,3,48,5
QPHIG4281S,7642618734,664,3,0,209,152,5,16,8
GPBAQ3715J,9778977896,677,5,2,197,92,1,42,23
RBSHQ9780V,7575157375,627,6,2,86,76,3,12,5
SLRMD5143B,6489384395,559,3,0,125,77,3,10,9
CSMHB3359V,9334622494,552,5,1,108,100,1,52,46
WIQUP4571O,9144199175,800,13,9,233,33,4,20,14
RGTMU6336S,8496891554,617,3,0,129,76,1,44,5
JVIIV2399X,9686646477,519,8,5,112,41,1,24,13
FQMBQ8557C,8242373879,489,10,6,145,95,3,6,6
JCDUM2521W,6255238167,803,2,0,177,122,3,48,16
VYZPC3849D,7863598222,759,7,3,121,37,3,14,14
ZXYPP7183Y,8978363863,428,6,2,186,150,4,47,6
SNJDA2043V,8317117272,847,11,7,77,70,1,47,35
CCBAF1541F,9873349823,831,7,3,68,28,5,54,42
XLIOZ5002W,8766479316,562,13,10,148,142,3,34,25
OUMVL5445P,8168388757,678,9,5,161,49,4,5,5
JCGMS1171H,7637515272,629,4,0,104,70,2,35,25
PAAPJ1466V,7734618864,848,12,8,117,62,5,28,7
PNWOP0136T,7553776487,423,2,0,51,26,5,28,9
IEMKS4371P,6339935465,608,14,10,115,70,4,25,13
CACJS4805S,8444255271,508,3,0,204,78,2,7,5
EGCVM1907J,8336416625,511,5,1,38,28,1,55,46
ILBHV8393X,9834154678,721,14,10,102,67,2,38,9
GVSEW6133M,9265668144,816,6,2,230,51,2,10,9
JEDPA4612G,7344655756,423,13,10,51,24,2,52,24
YHAPP2918V,6889862533,819,10,7,138,81,4,14,13
MULWJ1479O,6746858874,569,14,10,46,42,3,24,4
ADACO6160W,6522185519,544,13,9,175,74,3,41,17
AWJQO3835I,6165412584,613,7,4,20,19,2,20,10
PNCWN6822Y,7891334474,830,6,2,30,28,3,59,53
JWBSJ3104D,8685773188,477,7,3,172,131,3,59,46
CPLUV6339T,6729419685,488,6,3,126,113,5,24,5
ENFNG2467M,7654923854,593,7,4,194,123,2,50,17
EGJJM7859R,7236639513,757,2,0,48,25,1,57,37
ZDGKN8794U,8587865493,625,4,0,107,90,3,41,14
HCKTI2877L,9232214922,845,6,2,47,37,4,20,4
TPCCU4171G,7333622874,647,9,5,44,24,5,27,26
KIGBS5263O,8653888258,447,11,7,227,56,1,18,10
BCMSU6075C,8965732221,795,8,4,77,53,4,21,11
FXRGV3078Y,8538374297,596,10,6,206,49,1,31,29
GSNBR4517F,7487351561,448,5,2,206,106,5,56,27
FUYGU6272L,7332826821,497,11,7,82,52,2,22,19
RPLWD3340G,6874683767,534,10,7,140,115,4,23,16
DFNSW1922P,6467268725,754,11,8,104,46,4,19,16
LHKKO5522Q,7153466277,628,3,0,231,68,2,4,4
AVHLO5288H,9445516693,609,14,10,185,156,4,29,8
UVFNY4826E,7276285883,535,8,4,226,168,5,56,44
JCMCS9209J,6455263742,755,9,6,173,113,5,23,18
EYHBA9388O,7421883431,685,6,2,158,27,3,37,26
TQIEG8341Q,9828363488,821,5,2,30,29,4,4,4
GOEZD2479X,6791755376,422,2,0,124,96,2,18,4
IQBTQ7523A,9719287783,711,12,8,130,106,1,27,4
OWXSF4105H,8551518959,533,2,0,152,78,2,19,9
TOEAX6068S,8528529728,489,5,1,165,38,4,38,34
ZKKNG4454B,9772795586,608,12,9,88,88,2,46,19
COIKC0454V,9262848795,456,5,2,79,49,4,24,12
WVLLH9092X,7927344275,812,5,1,115,68,3,6,4
YQYXV2992D,6884867476,625,8,4,116,21,4,23,15
TMKCE7203L,8331379516,716,8,4,170,71,2,26,22
EAVCH3837H,9982777633,772,2,0,112,46,3,14,13
PXMGV4599X,8257423546,643,5,2,212,146,2,30,19
IOXKX4463U,6387354443,430,8,4,169,59,5,5,5
KLRRH6724M,8768657525,630,6,3,158,107,4,49,10
IEMVQ9264P,6657273676,403,3,0,62,31,5,56,17
OSQVY8184R,8764625479,654,6,2,140,35,5,24,20
DTNDV9811X,9558464655,766,3,0,22,19,1,15,5
WRSYS4874A,7594847349,674,14,11,226,105,4,38,9
EKDAE8439D,8174364683,748,6,3,152,64,3,35,9
PFZBE7313H,8415627377,709,13,9,136,23,2,44,6
NQAJU2455A,8988834698,671,4,0,44,23,3,9,6
UWGIP4714G,7724748831,406,13,9,209,33,1,49,8
WNURA5860V,6452367788,739,13,10,141,47,1,32,27
GLJYC0251Q,9383464292,443,14,10,26,25,4,13,7
XJGVA8829U,6471393247,534,3,0,221,131,4,42,11
RXFME9502I,9122183881,775,10,7,65,28,2,4,4
HGPFB3414V,6569372824,695,5,1,123,92,3,25,7
KJECL9813K,7417972614,629,10,6,136,54,3,59,19
XEBHL2079J,6376135778,621,11,7,208,43,3,17,13
NQSRU0888H,9867218785,621,13,9,213,138,1,36,19
VELYB7169C,7887261888,739,9,5,138,100,4,40,15
NZPHY5273B,8754414647,488,11,7,218,165,5,50,21
EEIKA2504Z,9857956219,594,7,3,124,21,4,39,7
FLGQZ5089T,7397943234,588,9,5,53,52,3,54,41
OUGWL0362V,6995687262,763,12,8,29,28,3,7,6
UGDGZ1387J,9287822444,595,12,9,175,29,2,56,55
CMAQL5655M,9374171383,834,12,9,65,49,2,21,10
OSKOR3298W,7374626969,589,6,2,192,79,4,5,4
YLXIC5693V,9667825273,504,3,0,68,30,5,48,30
DOPYR9866E,7828482938,696,7,3,155,117,4,30,13
NCNAX6041C,6237233853,765,3,0,213,120,1,42,19
BDLQF3758L,7387232321,497,13,10,19,19,2,12,12
WBGPG0633Y,8649338665,671,11,7,139,41,5,52,7
NONTH3593T,6794825153,512,2,0,134,116,4,9,5
XRCZL7249V,8684667414,747,8,4,40,23,3,31,24
LZQBF9723Z,9126244234,562,10,7,23,18,5,11,9
OJMCU4485I,6239485451,713,4,0,18,18,4,42,14
ZZEUK8232L,6275575549,800,4,0,227,22,1,39,30
EAHBH0399X,7382483867,731,11,7,170,101,4,12,5
XEARQ1067N,7164285463,669,13,10,153,77,1,59,22
PINDD1702T,6325818596,491,7,3,24,21,1,11,8
UWMKG8970Y,8246291726,554,2,0,50,35,4,54,44
WWFCX4896T,9354448891,718,2,0,208,50,3,56,4
QMIGM3389U,6562883781,830,8,5,157,148,1,19,15
IZQBM3348N,6346427418,533,4,1,170,39,4,38,24
QEEUN4984T,9285191866,768,5,1,35,24,4,25,11
MKABZ9603S,7298268884,756,4,0,125,57,5,42,36
VMNIQ0851Q,8413295477,639,9,6,47,29,5,12,8
MPKYD1878H,6873475352,827,3,0,146,105,5,16,4
LPSMD5576J,8382523662,657,6,2,191,35,4,55,42
AANDN6004R,6482767855,743,11,8,113,36,5,41,9
TKKUX2978X,9934284756,751,9,5,45,25,4,9,4
FSCXR9937V,9484164364,805,5,1,158,150,4,26,6
LAYRV1186W,7585993535,738,11,8,149,86,1,25,19
IFRYO5481S,9583238754,787,6,2,56,45,2,5,4
GAYGL5304H,9214563762,634,4,1,86,75,2,60,50
SMZZJ2954L,7754492826,514,4,0,154,132,1,48,45
QFVEU9401R,9594457661,740,7,3,175,68,5,7,5
BXEDS5023A,9186538735,622,6,3,43,42,2,24,15
CARVF4436X,8532487489,680,3,0,178,128,2,24,6
HJOZL5910R,7585688675,783,12,9,168,45,2,58,15
CNCYC9069M,8726476987,463,7,4,81,59,5,40,20
LWCHQ4118R,7126787617,827,3,0,227,37,5,17,5
CRTTS8376O,6828488388,637,9,5,93,86,2,48,42
UHJGH1979T,6423666866,622,10,6,206,168,5,22,9
WYBKR1532B,7973864798,517,10,6,25,22,1,31,27
PVTIC2239W,8418834757,638,4,0,174,24,5,49,26
KFCRX5549A,9562351715,672,2,0,158,35,2,28,8
AETAE2260Z,7772348667,626,7,4,97,72,3,30,15
ATLRV7523X,9759438448,671,3,0,93,84,1,58,57
KEECS3682N,6723254372,726,5,1,42,23,3,28,7
CJXYR3916J,9326317647,445,7,4,214,74,4,56,6
SNHPX5878H,8225687852,778,7,3,173,49,3,16,7
RNSIB4955W,6897955658,652,3,0,85,24,3,10,8
BVCYG2358Y,6653439864,710,13,9,45,24,4,43,16
TYCJE2220X,9349564267,489,6,2,31,20,4,60,18
VHFJH2352Z,7231584855,709,11,7,194,67,5,21,7
KHIJC8945P,7888853447,512,3,0,101,92,1,22,5
EUQMP3891W,6795859369,644,9,5,91,31,2,47,45
KNAUA6374E,7857653286,431,6,2,125,54,3,51,41
KVYPL7249O,7745722473,612,8,4,101,76,1,22,20
OAPGV3557K,9176598748,569,9,5,175,152,5,37,25
AGPUR7378B,7884836544,485,9,6,150,19,3,5,5
CRLLP3869J,9571545495,773,12,9,127,47,5,35,13
XUZUH1865U,8326585193,400,13,9,88,36,4,34,22
TJIKG1272R,7552822658,615,3,0,141,25,5,23,20
YCJML0032J,7948572443,629,8,4,146,38,2,7,4
EKKEG6332L,6568255622,580,12,9,114,54,1,56,24
JYKTE7834I,8284129713,704,10,7,133,80,3,60,31
TBGMM4877U,6634649723,567,7,3,122,104,1,35,5
UIQQS5200O,6476486136,661,13,9,48,30,4,59,9
INYYZ0698A,8233384182,755,4,0,64,63,5,47,28
XRWRO9377T,9878533633,814,10,7,105,77,1,29,20
FUSOE6553M,7758364848,729,3,0,77,77,5,15,11
AIMJL1942Z,8437768336,412,8,4,226,42,2,60,28
YJLKG9497J,6371967866,811,11,7,177,137,3,11,9
OBIBX3574L,7677127846,540,12,8,159,138,1,33,25
HSCQA6618T,8359372297,762,7,3,81,54,2,41,14
XDHSH8515U,9554382675,515,14,10,22,21,1,9,4
UICDH7093J,6987269334,433,8,5,223,150,5,25,22
QITNV4927G,7967518438,764,2,0,48,28,5,58,28
QAHKV8518I,9636556923,637,6,2,223,167,3,9,6
JJHJE8518P,9994266318,590,4,0,228,100,1,13,10
ISJDX0072S,8512363895,592,11,7,133,133,5,50,38
WUXWX1793K,6528366128,453,12,9,92,48,3,26,7
FNBAI2278F,9273789445,678,6,2,59,26,5,30,22
UFEQE7381T,9325858591,534,7,4,60,43,2,5,4
JWCNY0319V,6361396217,439,3,0,168,102,4,24,7
EDZES7745W,9386483733,534,4,0,62,42,4,39,33
FYLRO7290P,8357664414,502,2,0,202,100,5,51,14
NZTPO0483U,6795461754,798,7,3,52,22,3,9,4
ZRKLR3637U,6257675578,708,3,0,63,47,2,10,7
FDBUY6264A,9564826659,417,2,0,229,203,2,28,20
AOUFP1088H,7631723265,842,13,10,117,108,1,36,26
AUSIL3342L,8386652848,550,5,2,75,63,5,26,8
PFCOR4966Z,9364235247,679,13,9,215,194,2,32,31
AJTXY6740T,6569944752,623,10,7,59,33,4,12,7
ZNCIT1005L,9433894868,689,11,8,18,18,1,29,5
ISTTU3062H,8453799246,433,6,2,71,53,2,35,19
KZMMP7626O,9959172335,468,7,4,239,193,3,17,13
MOBZR3580T,6523668238,415,5,1,191,61,4,35,23
KCOFX6190H,7752576524,660,2,0,52,47,5,7,4
SMIKX6711S,8356655337,593,9,6,225,72,1,48,17
JPBAG8103X,6856246767,509,6,3,112,63,1,28,20
KWJJT0476V,8162439545,531,13,10,165,55,5,22,5
QFEML2114X,7571116318,638,14,10,96,56,1,46,29
MTRPI7381D,6731615947,478,5,1,214,123,5,29,6
OCGWU4954O,7252578926,467,3,0,131,24,3,9,5
QOTFX9355P,6767144366,606,9,6,88,55,4,58,44
PNBID4728Z,7667953848,815,10,6,150,39,3,47,40
CPMHG5212Q,9155755276,761,6,3,111,99,1,34,5
QNIGB6825L,7885353389,784,12,8,236,147,5,30,22
HSKSM2515X,9385383884,721,8,5,128,56,4,52,26
BYVAX1978X,6618374334,632,7,4,215,192,2,55,49
PBRIC3513O,6839741253,718,12,8,73,20,1,50,27
VPHHZ8599D,8817455765,556,5,2,233,217,2,27,17
HPRYP4384G,8385552328,502,9,5,72,32,3,59,27
PLENM4609F,8157478469,622,11,7,30,26,2,27,24
RCMCD8377J,8394377686,428,12,8,138,123,1,30,8
TWAGK3634R,8735145232,682,2,0,97,20,5,39,12
UMPUM9736E,9649891483,805,12,9,147,147,1,42,10
PHRSR5838M,9495687229,707,14,10,77,51,3,20,6
IHDWH3424Y,6162227497,446,11,7,41,33,3,10,6
